[
  {
    "id": 135238,
    "name": "Abbadia San Salvatore"
  },
  {
    "id": 135244,
    "name": "Abetone"
  },
  {
    "id": 135276,
    "name": "Acquaviva"
  },
  {
    "id": 135301,
    "name": "Agliana"
  },
  {
    "id": 135371,
    "name": "Albiano Magra"
  },
  {
    "id": 135378,
    "name": "Albinia"
  },
  {
    "id": 135446,
    "name": "Altopascio"
  },
  {
    "id": 135466,
    "name": "Ambra"
  },
  {
    "id": 135478,
    "name": "Anchione"
  },
  {
    "id": 135497,
    "name": "Anghiari"
  },
  {
    "id": 135513,
    "name": "Antella"
  },
  {
    "id": 135554,
    "name": "Arbia"
  },
  {
    "id": 135567,
    "name": "Arcidosso"
  },
  {
    "id": 135590,
    "name": "Arezzo"
  },
  {
    "id": 135654,
    "name": "Asciano"
  },
  {
    "id": 135687,
    "name": "Aulla"
  },
  {
    "id": 135696,
    "name": "Avane"
  },
  {
    "id": 135739,
    "name": "Badia al Pino"
  },
  {
    "id": 135738,
    "name": "Badia Tedalda"
  },
  {
    "id": 135757,
    "name": "Bagni di Lucca"
  },
  {
    "id": 135761,
    "name": "Bagno a Ripoli"
  },
  {
    "id": 135760,
    "name": "Bagno Roselle"
  },
  {
    "id": 135774,
    "name": "Bagnone"
  },
  {
    "id": 135817,
    "name": "Barba"
  },
  {
    "id": 135822,
    "name": "Barbarasco"
  },
  {
    "id": 135828,
    "name": "Barberino di Mugello"
  },
  {
    "id": 135827,
    "name": "Barberino Val d'Elsa"
  },
  {
    "id": 135848,
    "name": "Barga"
  },
  {
    "id": 135907,
    "name": "Battifolle-Ruscello-Poggiola"
  },
  {
    "id": 135941,
    "name": "Bellavista"
  },
  {
    "id": 135968,
    "name": "Belverde"
  },
  {
    "id": 136021,
    "name": "Bettolle"
  },
  {
    "id": 136039,
    "name": "Bibbiena"
  },
  {
    "id": 136040,
    "name": "Bibbona"
  },
  {
    "id": 136049,
    "name": "Bientina"
  },
  {
    "id": 136164,
    "name": "Borghetto-Melara"
  },
  {
    "id": 136197,
    "name": "Borgo a Buggiano"
  },
  {
    "id": 136198,
    "name": "Borgo a Mozzano"
  },
  {
    "id": 136184,
    "name": "Borgo San Lorenzo"
  },
  {
    "id": 136280,
    "name": "Braccagni"
  },
  {
    "id": 136389,
    "name": "Bucine"
  },
  {
    "id": 136407,
    "name": "Buonconvento"
  },
  {
    "id": 136437,
    "name": "Buti"
  },
  {
    "id": 136503,
    "name": "Calci"
  },
  {
    "id": 136505,
    "name": "Calcinaia"
  },
  {
    "id": 136518,
    "name": "Caldine"
  },
  {
    "id": 136522,
    "name": "Calenzano"
  },
  {
    "id": 136567,
    "name": "Camaiore"
  },
  {
    "id": 136602,
    "name": "Campagnatico"
  },
  {
    "id": 136615,
    "name": "Campi Bisenzio"
  },
  {
    "id": 136618,
    "name": "Campiglia Marittima"
  },
  {
    "id": 136626,
    "name": "Campo"
  },
  {
    "id": 136637,
    "name": "Campo nell'Elba"
  },
  {
    "id": 136632,
    "name": "Campo Tizzoro"
  },
  {
    "id": 136675,
    "name": "Camporgiano"
  },
  {
    "id": 136684,
    "name": "Camucia-Monsigliolo"
  },
  {
    "id": 136737,
    "name": "Cantagallo"
  },
  {
    "id": 136738,
    "name": "Cantagrillo-Casalguidi"
  },
  {
    "id": 136759,
    "name": "Capalbio"
  },
  {
    "id": 136760,
    "name": "Capanne-Prato-Cinquale"
  },
  {
    "id": 136761,
    "name": "Capannoli"
  },
  {
    "id": 136762,
    "name": "Capannori"
  },
  {
    "id": 136783,
    "name": "Capoliveri"
  },
  {
    "id": 136784,
    "name": "Capolona"
  },
  {
    "id": 136799,
    "name": "Capraia e Limite"
  },
  {
    "id": 136798,
    "name": "Capraia Isola"
  },
  {
    "id": 136807,
    "name": "Caprese Michelangelo"
  },
  {
    "id": 136864,
    "name": "Careggine"
  },
  {
    "id": 136892,
    "name": "Carmignano"
  },
  {
    "id": 136923,
    "name": "Carraia"
  },
  {
    "id": 136924,
    "name": "Carrara"
  },
  {
    "id": 136977,
    "name": "Casale Marittimo"
  },
  {
    "id": 137047,
    "name": "Casciana Terme"
  },
  {
    "id": 137048,
    "name": "Cascina"
  },
  {
    "id": 137051,
    "name": "Cascine-La Croce"
  },
  {
    "id": 137080,
    "name": "Casola in Lunigiana"
  },
  {
    "id": 137082,
    "name": "Casole d'Elsa"
  },
  {
    "id": 137117,
    "name": "Castagneto Carducci"
  },
  {
    "id": 137166,
    "name": "Castel del Piano"
  },
  {
    "id": 137153,
    "name": "Castel San Niccolò"
  },
  {
    "id": 137193,
    "name": "Castelfiorentino"
  },
  {
    "id": 137199,
    "name": "Castelfranco di Sopra"
  },
  {
    "id": 137200,
    "name": "Castelfranco di Sotto"
  },
  {
    "id": 137208,
    "name": "Castell'Azzara"
  },
  {
    "id": 137246,
    "name": "Castellina in Chianti"
  },
  {
    "id": 137244,
    "name": "Castellina Marittima"
  },
  {
    "id": 137245,
    "name": "Castellina Scalo"
  },
  {
    "id": 137283,
    "name": "Castelnuovo Berardenga"
  },
  {
    "id": 137296,
    "name": "Castelnuovo dei Sabbioni"
  },
  {
    "id": 137302,
    "name": "Castelnuovo di Garfagnana"
  },
  {
    "id": 137304,
    "name": "Castelnuovo di Val di Cecina"
  },
  {
    "id": 137336,
    "name": "Castiglion Fibocchi"
  },
  {
    "id": 137337,
    "name": "Castiglion Fiorentino"
  },
  {
    "id": 137350,
    "name": "Castiglione d'Orcia"
  },
  {
    "id": 137354,
    "name": "Castiglione della Pescaia"
  },
  {
    "id": 137356,
    "name": "Castiglione di Garfagnana"
  },
  {
    "id": 137393,
    "name": "Catena"
  },
  {
    "id": 137417,
    "name": "Cavallina"
  },
  {
    "id": 137444,
    "name": "Cavriglia-Monastero"
  },
  {
    "id": 137454,
    "name": "Cecina"
  },
  {
    "id": 137486,
    "name": "Cenaia"
  },
  {
    "id": 137519,
    "name": "Cerbaia"
  },
  {
    "id": 137563,
    "name": "Cerreto Guidi"
  },
  {
    "id": 137578,
    "name": "Certaldo"
  },
  {
    "id": 137601,
    "name": "Cesa"
  },
  {
    "id": 137622,
    "name": "Cetona"
  },
  {
    "id": 137645,
    "name": "Chianciano Terme"
  },
  {
    "id": 137646,
    "name": "Chianni"
  },
  {
    "id": 137656,
    "name": "Chiassa-Tregozzano"
  },
  {
    "id": 137670,
    "name": "Chiesina Uzzanese"
  },
  {
    "id": 137671,
    "name": "Chiesino-Collodi"
  },
  {
    "id": 137681,
    "name": "Chitignano"
  },
  {
    "id": 137695,
    "name": "Chiusdino"
  },
  {
    "id": 137696,
    "name": "Chiusi"
  },
  {
    "id": 137698,
    "name": "Chiusi della Verna"
  },
  {
    "id": 137697,
    "name": "Chiusi Scalo"
  },
  {
    "id": 137733,
    "name": "Cinigiano"
  },
  {
    "id": 137741,
    "name": "Cintolese"
  },
  {
    "id": 137804,
    "name": "Civitella in Val di Chiana"
  },
  {
    "id": 137797,
    "name": "Civitella Marittima"
  },
  {
    "id": 137873,
    "name": "Colle di Val d'Elsa"
  },
  {
    "id": 137893,
    "name": "Collesalvetti"
  },
  {
    "id": 137935,
    "name": "Comano"
  },
  {
    "id": 137937,
    "name": "Comeana"
  },
  {
    "id": 137949,
    "name": "Compiobbi"
  },
  {
    "id": 138005,
    "name": "Coreglia Antelminelli"
  },
  {
    "id": 138046,
    "name": "Corsanico-Bargecchia"
  },
  {
    "id": 138071,
    "name": "Cortona"
  },
  {
    "id": 138146,
    "name": "Crespina"
  },
  {
    "id": 138217,
    "name": "Cutigliano"
  },
  {
    "id": 138265,
    "name": "Dicomano"
  },
  {
    "id": 138303,
    "name": "Donoratico"
  },
  {
    "id": 138356,
    "name": "Empoli"
  },
  {
    "id": 138391,
    "name": "Fabbriche di Vallico"
  },
  {
    "id": 138402,
    "name": "Faella"
  },
  {
    "id": 138456,
    "name": "Fauglia"
  },
  {
    "id": 138511,
    "name": "Fiesole"
  },
  {
    "id": 138519,
    "name": "Figline Valdarno"
  },
  {
    "id": 138525,
    "name": "Filattiera"
  },
  {
    "id": 138528,
    "name": "Filettole"
  },
  {
    "id": 138543,
    "name": "Firenzuola"
  },
  {
    "id": 138556,
    "name": "Fivizzano"
  },
  {
    "id": 138563,
    "name": "Florence"
  },
  {
    "id": 138578,
    "name": "Foiano della Chiana"
  },
  {
    "id": 138584,
    "name": "Follonica"
  },
  {
    "id": 138593,
    "name": "Fontana delle Monache"
  },
  {
    "id": 138608,
    "name": "Fonteblanda"
  },
  {
    "id": 138622,
    "name": "Forcoli"
  },
  {
    "id": 138645,
    "name": "Fornacelle"
  },
  {
    "id": 138646,
    "name": "Fornacette"
  },
  {
    "id": 138650,
    "name": "Fornaci di Barga"
  },
  {
    "id": 138661,
    "name": "Forte dei Marmi"
  },
  {
    "id": 138665,
    "name": "Fosciandora"
  },
  {
    "id": 138666,
    "name": "Fosdinovo"
  },
  {
    "id": 138746,
    "name": "Fucecchio"
  },
  {
    "id": 138768,
    "name": "Gabella"
  },
  {
    "id": 138791,
    "name": "Gaiole in Chianti"
  },
  {
    "id": 138803,
    "name": "Galliano"
  },
  {
    "id": 138807,
    "name": "Gallicano"
  },
  {
    "id": 138829,
    "name": "Gambassi Terme"
  },
  {
    "id": 138880,
    "name": "Gavorrano"
  },
  {
    "id": 138890,
    "name": "Gello"
  },
  {
    "id": 138958,
    "name": "Giglio Castello"
  },
  {
    "id": 138964,
    "name": "Ginestra Fiorentina"
  },
  {
    "id": 138978,
    "name": "Giovi-Ponte alla Chiassa"
  },
  {
    "id": 138994,
    "name": "Giuncugnano"
  },
  {
    "id": 139073,
    "name": "Grassina Ponte a Ema"
  },
  {
    "id": 139092,
    "name": "Greve in Chianti"
  },
  {
    "id": 139118,
    "name": "Grosseto"
  },
  {
    "id": 139166,
    "name": "Guardistallo"
  },
  {
    "id": 139170,
    "name": "Guasticce"
  },
  {
    "id": 139171,
    "name": "Guazzino"
  },
  {
    "id": 139193,
    "name": "Il Romito"
  },
  {
    "id": 139202,
    "name": "Impruneta"
  },
  {
    "id": 139205,
    "name": "Incisa in Val d'Arno"
  },
  {
    "id": 139237,
    "name": "Isola D'Arbia"
  },
  {
    "id": 139244,
    "name": "Isola del Giglio"
  },
  {
    "id": 139265,
    "name": "Istia D'Ombrone-Le Stiacciole"
  },
  {
    "id": 139288,
    "name": "La California"
  },
  {
    "id": 139298,
    "name": "La Pieve-Molino"
  },
  {
    "id": 139301,
    "name": "La Rotta"
  },
  {
    "id": 139337,
    "name": "Lajatico"
  },
  {
    "id": 139350,
    "name": "Lamporecchio"
  },
  {
    "id": 139370,
    "name": "Larciano"
  },
  {
    "id": 139374,
    "name": "Lari"
  },
  {
    "id": 139385,
    "name": "Lastra a Signa"
  },
  {
    "id": 139387,
    "name": "Laterina"
  },
  {
    "id": 139423,
    "name": "Lazzeretto"
  },
  {
    "id": 139424,
    "name": "Le Casine-Perignano-Spinelli"
  },
  {
    "id": 139495,
    "name": "Licciana Nardi"
  },
  {
    "id": 139523,
    "name": "Limite"
  },
  {
    "id": 139551,
    "name": "Livorno"
  },
  {
    "id": 139587,
    "name": "Londa"
  },
  {
    "id": 139607,
    "name": "Lorenzana"
  },
  {
    "id": 139613,
    "name": "Loro Ciuffenna"
  },
  {
    "id": 139629,
    "name": "Lucca"
  },
  {
    "id": 139632,
    "name": "Lucignano"
  },
  {
    "id": 139637,
    "name": "Luco Mugello"
  },
  {
    "id": 139711,
    "name": "Madonna dell'Acqua"
  },
  {
    "id": 139730,
    "name": "Magliano in Toscana"
  },
  {
    "id": 139770,
    "name": "Malmantile"
  },
  {
    "id": 139782,
    "name": "Manciano"
  },
  {
    "id": 139810,
    "name": "Mantignano-Ugnano"
  },
  {
    "id": 139845,
    "name": "Marciana"
  },
  {
    "id": 139846,
    "name": "Marciana Marina"
  },
  {
    "id": 139848,
    "name": "Marciano"
  },
  {
    "id": 139849,
    "name": "Marciano della Chiana"
  },
  {
    "id": 139851,
    "name": "Marcignana"
  },
  {
    "id": 139864,
    "name": "Margine Coperta-Traversagna"
  },
  {
    "id": 139879,
    "name": "Marina di Campo"
  },
  {
    "id": 139881,
    "name": "Marina di Carrara"
  },
  {
    "id": 139888,
    "name": "Marina di Grosseto"
  },
  {
    "id": 139889,
    "name": "Marina di Massa"
  },
  {
    "id": 139891,
    "name": "Marina di Pisa"
  },
  {
    "id": 139892,
    "name": "Marina di Pisa-Tirrenia-Calambrone"
  },
  {
    "id": 139904,
    "name": "Marliana"
  },
  {
    "id": 139915,
    "name": "Marradi"
  },
  {
    "id": 139929,
    "name": "Marti"
  },
  {
    "id": 139966,
    "name": "Massa"
  },
  {
    "id": 139973,
    "name": "Massa Marittima"
  },
  {
    "id": 139980,
    "name": "Massarosa"
  },
  {
    "id": 140072,
    "name": "Mercatale"
  },
  {
    "id": 140073,
    "name": "Mercatale-San Quirico"
  },
  {
    "id": 140102,
    "name": "Metato"
  },
  {
    "id": 140134,
    "name": "Migliarino"
  },
  {
    "id": 140163,
    "name": "Minucciano"
  },
  {
    "id": 140211,
    "name": "Molazzana"
  },
  {
    "id": 140224,
    "name": "Molino del Piano"
  },
  {
    "id": 140303,
    "name": "Monsummano Terme"
  },
  {
    "id": 140314,
    "name": "Montaione"
  },
  {
    "id": 140319,
    "name": "Montalcino"
  },
  {
    "id": 140326,
    "name": "Montale"
  },
  {
    "id": 140330,
    "name": "Montalto"
  },
  {
    "id": 140352,
    "name": "Monte Argentario"
  },
  {
    "id": 140377,
    "name": "Monte San Savino"
  },
  {
    "id": 140392,
    "name": "Montebonello"
  },
  {
    "id": 140399,
    "name": "Montecalvoli"
  },
  {
    "id": 140400,
    "name": "Montecarlo"
  },
  {
    "id": 140405,
    "name": "Montecatini Val di Cecina"
  },
  {
    "id": 140406,
    "name": "Montecatini-Terme"
  },
  {
    "id": 140481,
    "name": "Montelupo Fiorentino"
  },
  {
    "id": 140493,
    "name": "Montemignaio"
  },
  {
    "id": 140498,
    "name": "Montemurlo"
  },
  {
    "id": 140510,
    "name": "Montepulciano"
  },
  {
    "id": 140511,
    "name": "Montepulciano Stazione"
  },
  {
    "id": 140513,
    "name": "Monterchi"
  },
  {
    "id": 140517,
    "name": "Monteriggioni"
  },
  {
    "id": 140519,
    "name": "Monteroni d'Arbia"
  },
  {
    "id": 140527,
    "name": "Monterotondo Marittimo"
  },
  {
    "id": 140537,
    "name": "Montescudaio"
  },
  {
    "id": 140543,
    "name": "Montespertoli"
  },
  {
    "id": 140547,
    "name": "Montevarchi"
  },
  {
    "id": 140550,
    "name": "Monteverdi Marittimo"
  },
  {
    "id": 140554,
    "name": "Monti"
  },
  {
    "id": 140570,
    "name": "Monticiano"
  },
  {
    "id": 140571,
    "name": "Montieri"
  },
  {
    "id": 140574,
    "name": "Montignoso"
  },
  {
    "id": 140580,
    "name": "Montopoli"
  },
  {
    "id": 140682,
    "name": "Mulazzo"
  },
  {
    "id": 140692,
    "name": "Murlo"
  },
  {
    "id": 140940,
    "name": "Orbetello"
  },
  {
    "id": 140941,
    "name": "Orbetello Scalo"
  },
  {
    "id": 140943,
    "name": "Orciano Pisano"
  },
  {
    "id": 140947,
    "name": "Orentano"
  },
  {
    "id": 140985,
    "name": "Ortignano Raggiolo"
  },
  {
    "id": 140996,
    "name": "Orzignano"
  },
  {
    "id": 58222,
    "name": "Palaia"
  },
  {
    "id": 58237,
    "name": "Palazzuolo sul Senio"
  },
  {
    "id": 58252,
    "name": "Pallerone"
  },
  {
    "id": 58286,
    "name": "Panzano in Chianti"
  },
  {
    "id": 58347,
    "name": "Patigno"
  },
  {
    "id": 58367,
    "name": "Peccioli"
  },
  {
    "id": 58390,
    "name": "Pelago"
  },
  {
    "id": 58422,
    "name": "Pergine Valdarno"
  },
  {
    "id": 58448,
    "name": "Pescaglia"
  },
  {
    "id": 58457,
    "name": "Pescia"
  },
  {
    "id": 58509,
    "name": "Pian di Mugnone"
  },
  {
    "id": 58510,
    "name": "Pian di Scò"
  },
  {
    "id": 58517,
    "name": "Piancastagnaio"
  },
  {
    "id": 58541,
    "name": "Piano di Conca"
  },
  {
    "id": 58542,
    "name": "Piano di Coreglia-Ghivizzano"
  },
  {
    "id": 58544,
    "name": "Piano di Mommio"
  },
  {
    "id": 58569,
    "name": "Piazza al Serchio-San Michele"
  },
  {
    "id": 58597,
    "name": "Pienza"
  },
  {
    "id": 58625,
    "name": "Pietrasanta"
  },
  {
    "id": 58643,
    "name": "Pieve a Nievole"
  },
  {
    "id": 58644,
    "name": "Pieve al Toppo"
  },
  {
    "id": 58635,
    "name": "Pieve Fosciana"
  },
  {
    "id": 58639,
    "name": "Pieve Santo Stefano"
  },
  {
    "id": 58689,
    "name": "Piombino"
  },
  {
    "id": 58702,
    "name": "Pisa"
  },
  {
    "id": 58714,
    "name": "Pistoia"
  },
  {
    "id": 58716,
    "name": "Piteglio"
  },
  {
    "id": 58718,
    "name": "Pitigliano"
  },
  {
    "id": 58744,
    "name": "Podenzana"
  },
  {
    "id": 58747,
    "name": "Poggetto"
  },
  {
    "id": 58749,
    "name": "Poggibonsi"
  },
  {
    "id": 58750,
    "name": "Poggio A Caiano"
  },
  {
    "id": 58808,
    "name": "Pomarance"
  },
  {
    "id": 58825,
    "name": "Ponsacco"
  },
  {
    "id": 58830,
    "name": "Pontasserchio"
  },
  {
    "id": 58831,
    "name": "Pontassieve"
  },
  {
    "id": 58833,
    "name": "Ponte A Elsa"
  },
  {
    "id": 58851,
    "name": "Ponte a Poppi"
  },
  {
    "id": 58834,
    "name": "Ponte A Tressa"
  },
  {
    "id": 58836,
    "name": "Ponte Buggianese"
  },
  {
    "id": 58869,
    "name": "Pontedera"
  },
  {
    "id": 58878,
    "name": "Pontestazzemese"
  },
  {
    "id": 58886,
    "name": "Ponticino"
  },
  {
    "id": 58893,
    "name": "Pontremoli"
  },
  {
    "id": 58901,
    "name": "Poppi"
  },
  {
    "id": 58903,
    "name": "Porcari"
  },
  {
    "id": 58923,
    "name": "Porto Azzurro"
  },
  {
    "id": 58929,
    "name": "Porto Ercole"
  },
  {
    "id": 58936,
    "name": "Porto Santo Stefano"
  },
  {
    "id": 58944,
    "name": "Portoferraio"
  },
  {
    "id": 58978,
    "name": "Pozzale-Case Nuove"
  },
  {
    "id": 59018,
    "name": "Pratantico-Indicatore"
  },
  {
    "id": 59026,
    "name": "Prato"
  },
  {
    "id": 59036,
    "name": "Pratovecchio"
  },
  {
    "id": 59100,
    "name": "Province of Arezzo"
  },
  {
    "id": 59102,
    "name": "Province of Florence"
  },
  {
    "id": 59103,
    "name": "Province of Pisa"
  },
  {
    "id": 59136,
    "name": "Provincia di Grosseto"
  },
  {
    "id": 59143,
    "name": "Provincia di Livorno"
  },
  {
    "id": 59145,
    "name": "Provincia di Lucca"
  },
  {
    "id": 59148,
    "name": "Provincia di Massa-Carrara"
  },
  {
    "id": 59162,
    "name": "Provincia di Pistoia"
  },
  {
    "id": 59165,
    "name": "Provincia di Prato"
  },
  {
    "id": 59175,
    "name": "Provincia di Siena"
  },
  {
    "id": 59218,
    "name": "Quarata"
  },
  {
    "id": 59224,
    "name": "Quarrata"
  },
  {
    "id": 59237,
    "name": "Quattro Strade"
  },
  {
    "id": 59240,
    "name": "Quercianella"
  },
  {
    "id": 59261,
    "name": "Radda in Chianti"
  },
  {
    "id": 59263,
    "name": "Radicofani"
  },
  {
    "id": 59264,
    "name": "Radicondoli"
  },
  {
    "id": 59286,
    "name": "Rapolano Terme"
  },
  {
    "id": 59290,
    "name": "Rassina"
  },
  {
    "id": 59319,
    "name": "Reggello"
  },
  {
    "id": 59360,
    "name": "Ribolla"
  },
  {
    "id": 59379,
    "name": "Rignano sull'Arno"
  },
  {
    "id": 59386,
    "name": "Rio Marina"
  },
  {
    "id": 59390,
    "name": "Rio nell'Elba"
  },
  {
    "id": 59400,
    "name": "Ripa-Pozzi-Querceta-Ponterosso"
  },
  {
    "id": 59407,
    "name": "Riparbella"
  },
  {
    "id": 59505,
    "name": "Roccalbegna"
  },
  {
    "id": 59525,
    "name": "Roccastrada"
  },
  {
    "id": 59617,
    "name": "Ronta"
  },
  {
    "id": 59638,
    "name": "Rosia"
  },
  {
    "id": 59639,
    "name": "Rosignano Marittimo"
  },
  {
    "id": 59641,
    "name": "Rosignano Solvay-Castiglioncello"
  },
  {
    "id": 59699,
    "name": "Rufina"
  },
  {
    "id": 59710,
    "name": "S.P. in Palazzi"
  },
  {
    "id": 59770,
    "name": "Saline"
  },
  {
    "id": 59803,
    "name": "Sambuca"
  },
  {
    "id": 59804,
    "name": "Sambuca Pistoiese"
  },
  {
    "id": 59857,
    "name": "San Casciano dei Bagni"
  },
  {
    "id": 59858,
    "name": "San Casciano in Val di Pesa"
  },
  {
    "id": 59872,
    "name": "San Cipriano-S.Barbara-Centinale"
  },
  {
    "id": 59895,
    "name": "San Donato"
  },
  {
    "id": 59900,
    "name": "San Donnino"
  },
  {
    "id": 59926,
    "name": "San Francesco"
  },
  {
    "id": 59949,
    "name": "San Gimignano"
  },
  {
    "id": 59993,
    "name": "San Giovanni d'Asso"
  },
  {
    "id": 59990,
    "name": "San Giovanni Valdarno"
  },
  {
    "id": 60005,
    "name": "San Giuliano Terme"
  },
  {
    "id": 60016,
    "name": "San Giustino Valdarno"
  },
  {
    "id": 60018,
    "name": "San Godenzo"
  },
  {
    "id": 60026,
    "name": "San Jacopo al Girone"
  },
  {
    "id": 60059,
    "name": "San Marcello Pistoiese"
  },
  {
    "id": 60091,
    "name": "San Martino in Freddana-Monsagrati"
  },
  {
    "id": 60104,
    "name": "San Mauro"
  },
  {
    "id": 60127,
    "name": "San Miniato"
  },
  {
    "id": 60128,
    "name": "San Miniato Basso"
  },
  {
    "id": 60166,
    "name": "San Pierino"
  },
  {
    "id": 60168,
    "name": "San Piero a Sieve"
  },
  {
    "id": 60175,
    "name": "San Pietro Belvedere"
  },
  {
    "id": 60217,
    "name": "San Quirico d'Orcia"
  },
  {
    "id": 60224,
    "name": "San Rocco"
  },
  {
    "id": 60227,
    "name": "San Romano"
  },
  {
    "id": 60228,
    "name": "San Romano in Garfagnana"
  },
  {
    "id": 60267,
    "name": "San Vincenzo"
  },
  {
    "id": 60285,
    "name": "San Vito-Cerreto"
  },
  {
    "id": 60313,
    "name": "Sansepolcro"
  },
  {
    "id": 60332,
    "name": "Sant'Albino"
  },
  {
    "id": 60430,
    "name": "Santa Croce sull'Arno"
  },
  {
    "id": 60436,
    "name": "Santa Fiora"
  },
  {
    "id": 60443,
    "name": "Santa Luce"
  },
  {
    "id": 60444,
    "name": "Santa Lucia"
  },
  {
    "id": 60470,
    "name": "Santa Maria a Monte"
  },
  {
    "id": 60560,
    "name": "Sarteano"
  },
  {
    "id": 60570,
    "name": "Sassetta"
  },
  {
    "id": 60617,
    "name": "Scandicci"
  },
  {
    "id": 60625,
    "name": "Scansano"
  },
  {
    "id": 60632,
    "name": "Scarlino"
  },
  {
    "id": 60633,
    "name": "Scarlino Scalo"
  },
  {
    "id": 60636,
    "name": "Scarperia"
  },
  {
    "id": 60673,
    "name": "Seano"
  },
  {
    "id": 60688,
    "name": "Seggiano"
  },
  {
    "id": 60709,
    "name": "Selvatelle"
  },
  {
    "id": 60717,
    "name": "Semproniano"
  },
  {
    "id": 60735,
    "name": "Seravezza"
  },
  {
    "id": 60773,
    "name": "Serravalle Pistoiese"
  },
  {
    "id": 60780,
    "name": "Serre di Rapolano"
  },
  {
    "id": 60793,
    "name": "Sestino"
  },
  {
    "id": 60797,
    "name": "Sesto Fiorentino"
  },
  {
    "id": 60843,
    "name": "Sieci"
  },
  {
    "id": 60844,
    "name": "Siena"
  },
  {
    "id": 60846,
    "name": "Signa"
  },
  {
    "id": 60853,
    "name": "Sillano"
  },
  {
    "id": 60863,
    "name": "Sinalunga"
  },
  {
    "id": 60894,
    "name": "Soci"
  },
  {
    "id": 60947,
    "name": "Sorano"
  },
  {
    "id": 60983,
    "name": "Sovicille"
  },
  {
    "id": 61004,
    "name": "Spianate"
  },
  {
    "id": 61006,
    "name": "Spicchio-Sovigliana"
  },
  {
    "id": 61037,
    "name": "Stabbia"
  },
  {
    "id": 61040,
    "name": "Staggia"
  },
  {
    "id": 61050,
    "name": "Stazione"
  },
  {
    "id": 61052,
    "name": "Stazione Masotti"
  },
  {
    "id": 61069,
    "name": "Stia"
  },
  {
    "id": 61070,
    "name": "Stiava"
  },
  {
    "id": 61083,
    "name": "Strada"
  },
  {
    "id": 61085,
    "name": "Strada in Chianti"
  },
  {
    "id": 61094,
    "name": "Strettoia"
  },
  {
    "id": 61108,
    "name": "Subbiano"
  },
  {
    "id": 61135,
    "name": "Suvereto"
  },
  {
    "id": 61155,
    "name": "Talla"
  },
  {
    "id": 61180,
    "name": "Tavarnelle Val di Pesa"
  },
  {
    "id": 61181,
    "name": "Tavarnuzze"
  },
  {
    "id": 61186,
    "name": "Taverne D'Arbia"
  },
  {
    "id": 61204,
    "name": "Tegoleto"
  },
  {
    "id": 61234,
    "name": "Terontola"
  },
  {
    "id": 61243,
    "name": "Terranuova Bracciolini"
  },
  {
    "id": 61244,
    "name": "Terrarossa"
  },
  {
    "id": 61251,
    "name": "Terricciola"
  },
  {
    "id": 61372,
    "name": "Torre del Lago Puccini"
  },
  {
    "id": 61385,
    "name": "Torrenieri"
  },
  {
    "id": 61410,
    "name": "Torrita di Siena"
  },
  {
    "id": 61472,
    "name": "Treggiaia"
  },
  {
    "id": 61490,
    "name": "Trequanda"
  },
  {
    "id": 61492,
    "name": "Tresana"
  },
  {
    "id": 61589,
    "name": "Uggia-Pazzera-Bizzarrino"
  },
  {
    "id": 61594,
    "name": "Uliveto Terme"
  },
  {
    "id": 61621,
    "name": "Uzzano"
  },
  {
    "id": 61623,
    "name": "Vacchereccia"
  },
  {
    "id": 61627,
    "name": "Vada"
  },
  {
    "id": 61633,
    "name": "Vaglia"
  },
  {
    "id": 61637,
    "name": "Vaiano"
  },
  {
    "id": 61646,
    "name": "Val di Cava"
  },
  {
    "id": 61658,
    "name": "Valdottavo"
  },
  {
    "id": 61666,
    "name": "Valenzatico"
  },
  {
    "id": 61787,
    "name": "Vecchiano-Nodica"
  },
  {
    "id": 61829,
    "name": "Venturina"
  },
  {
    "id": 61857,
    "name": "Vernio"
  },
  {
    "id": 61879,
    "name": "Vescovado"
  },
  {
    "id": 61905,
    "name": "Viareggio"
  },
  {
    "id": 61910,
    "name": "Vicarello"
  },
  {
    "id": 61913,
    "name": "Vicchio"
  },
  {
    "id": 61915,
    "name": "Viciomaggio"
  },
  {
    "id": 61925,
    "name": "Vicopisano"
  },
  {
    "id": 61957,
    "name": "Vignale Riotorto"
  },
  {
    "id": 61964,
    "name": "Vignole-Olmi"
  },
  {
    "id": 61986,
    "name": "Villa Basilica"
  },
  {
    "id": 61994,
    "name": "Villa Collemandina"
  },
  {
    "id": 62062,
    "name": "Villafranca in Lunigiana"
  },
  {
    "id": 62163,
    "name": "Vinci"
  },
  {
    "id": 62218,
    "name": "Volterra"
  },
  {
    "id": 62253,
    "name": "Zeri"
  }
]