{
  "id": 877,
  "name": "Newfoundland and Labrador",
  "state_code": "NL",
  "latitude": "53.13550910",
  "longitude": "-57.66043640",
  "type": "province",
  "cities": [
    {
      "id": 16199,
      "name": "Bay Roberts",
      "latitude": "47.59989000",
      "longitude": "-53.26478000"
    },
    {
      "id": 16200,
      "name": "Bay St. George South",
      "latitude": "48.22781000",
      "longitude": "-58.84162000"
    },
    {
      "id": 16228,
      "name": "Bonavista",
      "latitude": "48.64989000",
      "longitude": "-53.11474000"
    },
    {
      "id": 16230,
      "name": "Botwood",
      "latitude": "49.14994000",
      "longitude": "-55.34819000"
    },
    {
      "id": 16251,
      "name": "Burgeo",
      "latitude": "47.61668000",
      "longitude": "-57.61516000"
    },
    {
      "id": 16276,
      "name": "Carbonear",
      "latitude": "47.73319000",
      "longitude": "-53.21478000"
    },
    {
      "id": 16287,
      "name": "Catalina",
      "latitude": "48.51659000",
      "longitude": "-53.08135000"
    },
    {
      "id": 16294,
      "name": "Channel-Port aux Basques",
      "latitude": "47.57286000",
      "longitude": "-59.13808000"
    },
    {
      "id": 16313,
      "name": "Clarenville-Shoal Harbour",
      "latitude": "48.18050000",
      "longitude": "-53.96982000"
    },
    {
      "id": 16327,
      "name": "Conception Bay South",
      "latitude": "47.49989000",
      "longitude": "-52.99806000"
    },
    {
      "id": 16336,
      "name": "Corner Brook",
      "latitude": "48.95001000",
      "longitude": "-57.95202000"
    },
    {
      "id": 16362,
      "name": "Deer Lake",
      "latitude": "49.16671000",
      "longitude": "-57.43163000"
    },
    {
      "id": 16425,
      "name": "Fogo Island",
      "latitude": "49.71649000",
      "longitude": "-54.16981000"
    },
    {
      "id": 16445,
      "name": "Gambo",
      "latitude": "48.78320000",
      "longitude": "-54.21482000"
    },
    {
      "id": 16460,
      "name": "Goulds",
      "latitude": "47.45532000",
      "longitude": "-52.77552000"
    },
    {
      "id": 16462,
      "name": "Grand Bank",
      "latitude": "47.09995000",
      "longitude": "-55.76504000"
    },
    {
      "id": 16464,
      "name": "Grand Falls-Windsor",
      "latitude": "48.93324000",
      "longitude": "-55.66492000"
    },
    {
      "id": 16491,
      "name": "Happy Valley-Goose Bay",
      "latitude": "53.30380000",
      "longitude": "-60.32576000"
    },
    {
      "id": 16492,
      "name": "Harbour Breton",
      "latitude": "47.48325000",
      "longitude": "-55.79833000"
    },
    {
      "id": 16574,
      "name": "Labrador City",
      "latitude": "52.94626000",
      "longitude": "-66.91137000"
    },
    {
      "id": 16615,
      "name": "Lewisporte",
      "latitude": "49.24993000",
      "longitude": "-55.04816000"
    },
    {
      "id": 16664,
      "name": "Marystown",
      "latitude": "47.16663000",
      "longitude": "-55.14829000"
    },
    {
      "id": 16724,
      "name": "Mount Pearl",
      "latitude": "47.51659000",
      "longitude": "-52.78135000"
    },
    {
      "id": 16802,
      "name": "Pasadena",
      "latitude": "49.01671000",
      "longitude": "-57.59837000"
    },
    {
      "id": 17063,
      "name": "Springdale",
      "latitude": "49.49995000",
      "longitude": "-56.06492000"
    },
    {
      "id": 17069,
      "name": "St. Anthony",
      "latitude": "51.37039000",
      "longitude": "-55.59743000"
    },
    {
      "id": 17072,
      "name": "St. John's",
      "latitude": "47.56494000",
      "longitude": "-52.70931000"
    },
    {
      "id": 17076,
      "name": "Stephenville",
      "latitude": "48.55001000",
      "longitude": "-58.58180000"
    },
    {
      "id": 17077,
      "name": "Stephenville Crossing",
      "latitude": "48.50001000",
      "longitude": "-58.43180000"
    },
    {
      "id": 17120,
      "name": "Torbay",
      "latitude": "47.66659000",
      "longitude": "-52.73135000"
    },
    {
      "id": 17135,
      "name": "Upper Island Cove",
      "latitude": "47.64989000",
      "longitude": "-53.21478000"
    },
    {
      "id": 17164,
      "name": "Wabana",
      "latitude": "47.63319000",
      "longitude": "-52.94806000"
    }
  ],
  "country": {
    "id": 39,
    "name": "Canada",
    "iso3": "CAN",
    "iso2": "CA",
    "numeric_code": "124",
    "phone_code": "1",
    "capital": "Ottawa",
    "currency": "CAD",
    "currency_name": "Canadian dollar",
    "currency_symbol": "$",
    "tld": ".ca",
    "native": "Canada",
    "region": "Americas",
    "subregion": "Northern America",
    "timezones": [
      {
        "zoneName": "America/Atikokan",
        "gmtOffset": -18000,
        "gmtOffsetName": "UTC-05:00",
        "abbreviation": "EST",
        "tzName": "Eastern Standard Time (North America)"
      },
      {
        "zoneName": "America/Blanc-Sablon",
        "gmtOffset": -14400,
        "gmtOffsetName": "UTC-04:00",
        "abbreviation": "AST",
        "tzName": "Atlantic Standard Time"
      },
      {
        "zoneName": "America/Cambridge_Bay",
        "gmtOffset": -25200,
        "gmtOffsetName": "UTC-07:00",
        "abbreviation": "MST",
        "tzName": "Mountain Standard Time (North America)"
      },
      {
        "zoneName": "America/Creston",
        "gmtOffset": -25200,
        "gmtOffsetName": "UTC-07:00",
        "abbreviation": "MST",
        "tzName": "Mountain Standard Time (North America)"
      },
      {
        "zoneName": "America/Dawson",
        "gmtOffset": -25200,
        "gmtOffsetName": "UTC-07:00",
        "abbreviation": "MST",
        "tzName": "Mountain Standard Time (North America)"
      },
      {
        "zoneName": "America/Dawson_Creek",
        "gmtOffset": -25200,
        "gmtOffsetName": "UTC-07:00",
        "abbreviation": "MST",
        "tzName": "Mountain Standard Time (North America)"
      },
      {
        "zoneName": "America/Edmonton",
        "gmtOffset": -25200,
        "gmtOffsetName": "UTC-07:00",
        "abbreviation": "MST",
        "tzName": "Mountain Standard Time (North America)"
      },
      {
        "zoneName": "America/Fort_Nelson",
        "gmtOffset": -25200,
        "gmtOffsetName": "UTC-07:00",
        "abbreviation": "MST",
        "tzName": "Mountain Standard Time (North America)"
      },
      {
        "zoneName": "America/Glace_Bay",
        "gmtOffset": -14400,
        "gmtOffsetName": "UTC-04:00",
        "abbreviation": "AST",
        "tzName": "Atlantic Standard Time"
      },
      {
        "zoneName": "America/Goose_Bay",
        "gmtOffset": -14400,
        "gmtOffsetName": "UTC-04:00",
        "abbreviation": "AST",
        "tzName": "Atlantic Standard Time"
      },
      {
        "zoneName": "America/Halifax",
        "gmtOffset": -14400,
        "gmtOffsetName": "UTC-04:00",
        "abbreviation": "AST",
        "tzName": "Atlantic Standard Time"
      },
      {
        "zoneName": "America/Inuvik",
        "gmtOffset": -25200,
        "gmtOffsetName": "UTC-07:00",
        "abbreviation": "MST",
        "tzName": "Mountain Standard Time (North America"
      },
      {
        "zoneName": "America/Iqaluit",
        "gmtOffset": -18000,
        "gmtOffsetName": "UTC-05:00",
        "abbreviation": "EST",
        "tzName": "Eastern Standard Time (North America"
      },
      {
        "zoneName": "America/Moncton",
        "gmtOffset": -14400,
        "gmtOffsetName": "UTC-04:00",
        "abbreviation": "AST",
        "tzName": "Atlantic Standard Time"
      },
      {
        "zoneName": "America/Nipigon",
        "gmtOffset": -18000,
        "gmtOffsetName": "UTC-05:00",
        "abbreviation": "EST",
        "tzName": "Eastern Standard Time (North America"
      },
      {
        "zoneName": "America/Pangnirtung",
        "gmtOffset": -18000,
        "gmtOffsetName": "UTC-05:00",
        "abbreviation": "EST",
        "tzName": "Eastern Standard Time (North America"
      },
      {
        "zoneName": "America/Rainy_River",
        "gmtOffset": -21600,
        "gmtOffsetName": "UTC-06:00",
        "abbreviation": "CST",
        "tzName": "Central Standard Time (North America"
      },
      {
        "zoneName": "America/Rankin_Inlet",
        "gmtOffset": -21600,
        "gmtOffsetName": "UTC-06:00",
        "abbreviation": "CST",
        "tzName": "Central Standard Time (North America"
      },
      {
        "zoneName": "America/Regina",
        "gmtOffset": -21600,
        "gmtOffsetName": "UTC-06:00",
        "abbreviation": "CST",
        "tzName": "Central Standard Time (North America"
      },
      {
        "zoneName": "America/Resolute",
        "gmtOffset": -21600,
        "gmtOffsetName": "UTC-06:00",
        "abbreviation": "CST",
        "tzName": "Central Standard Time (North America"
      },
      {
        "zoneName": "America/St_Johns",
        "gmtOffset": -12600,
        "gmtOffsetName": "UTC-03:30",
        "abbreviation": "NST",
        "tzName": "Newfoundland Standard Time"
      },
      {
        "zoneName": "America/Swift_Current",
        "gmtOffset": -21600,
        "gmtOffsetName": "UTC-06:00",
        "abbreviation": "CST",
        "tzName": "Central Standard Time (North America"
      },
      {
        "zoneName": "America/Thunder_Bay",
        "gmtOffset": -18000,
        "gmtOffsetName": "UTC-05:00",
        "abbreviation": "EST",
        "tzName": "Eastern Standard Time (North America"
      },
      {
        "zoneName": "America/Toronto",
        "gmtOffset": -18000,
        "gmtOffsetName": "UTC-05:00",
        "abbreviation": "EST",
        "tzName": "Eastern Standard Time (North America"
      },
      {
        "zoneName": "America/Vancouver",
        "gmtOffset": -28800,
        "gmtOffsetName": "UTC-08:00",
        "abbreviation": "PST",
        "tzName": "Pacific Standard Time (North America"
      },
      {
        "zoneName": "America/Whitehorse",
        "gmtOffset": -25200,
        "gmtOffsetName": "UTC-07:00",
        "abbreviation": "MST",
        "tzName": "Mountain Standard Time (North America"
      },
      {
        "zoneName": "America/Winnipeg",
        "gmtOffset": -21600,
        "gmtOffsetName": "UTC-06:00",
        "abbreviation": "CST",
        "tzName": "Central Standard Time (North America"
      },
      {
        "zoneName": "America/Yellowknife",
        "gmtOffset": -25200,
        "gmtOffsetName": "UTC-07:00",
        "abbreviation": "MST",
        "tzName": "Mountain Standard Time (North America"
      }
    ],
    "translations": {
      "kr": "캐나다",
      "pt-BR": "Canadá",
      "pt": "Canadá",
      "nl": "Canada",
      "hr": "Kanada",
      "fa": "کانادا",
      "de": "Kanada",
      "es": "Canadá",
      "fr": "Canada",
      "ja": "カナダ",
      "it": "Canada",
      "cn": "加拿大",
      "tr": "Kanada"
    },
    "latitude": "60.00000000",
    "longitude": "-95.00000000",
    "emoji": "🇨🇦",
    "emojiU": "U+1F1E8 U+1F1E6"
  }
}