{
  "id": 3206,
  "name": "Maldonado Department",
  "state_code": "MA",
  "latitude": "-34.55979320",
  "longitude": "-54.86285520",
  "type": null,
  "cities": [
    {
      "id": 129775,
      "name": "Aiguá",
      "latitude": "-34.20498000",
      "longitude": "-54.75665000"
    },
    {
      "id": 129825,
      "name": "Maldonado",
      "latitude": "-34.90000000",
      "longitude": "-54.95000000"
    },
    {
      "id": 129840,
      "name": "Pan de Azúcar",
      "latitude": "-34.77870000",
      "longitude": "-55.23582000"
    },
    {
      "id": 129846,
      "name": "Piriápolis",
      "latitude": "-34.86287000",
      "longitude": "-55.27471000"
    },
    {
      "id": 129848,
      "name": "Punta del Este",
      "latitude": "-34.94747000",
      "longitude": "-54.93382000"
    },
    {
      "id": 129860,
      "name": "San Carlos",
      "latitude": "-34.79123000",
      "longitude": "-54.91824000"
    }
  ],
  "country": {
    "id": 235,
    "name": "Uruguay",
    "iso3": "URY",
    "iso2": "UY",
    "numeric_code": "858",
    "phone_code": "598",
    "capital": "Montevideo",
    "currency": "UYU",
    "currency_name": "Uruguayan peso",
    "currency_symbol": "$",
    "tld": ".uy",
    "native": "Uruguay",
    "region": "Americas",
    "subregion": "South America",
    "timezones": [
      {
        "zoneName": "America/Montevideo",
        "gmtOffset": -10800,
        "gmtOffsetName": "UTC-03:00",
        "abbreviation": "UYT",
        "tzName": "Uruguay Standard Time"
      }
    ],
    "translations": {
      "kr": "ìš°ë£¨ê³¼ì´",
      "pt-BR": "Uruguai",
      "pt": "Uruguai",
      "nl": "Uruguay",
      "hr": "Urugvaj",
      "fa": "اروگوئه",
      "de": "Uruguay",
      "es": "Uruguay",
      "fr": "Uruguay",
      "ja": "ウルグアイ",
      "it": "Uruguay",
      "cn": "乌拉圭",
      "tr": "Uruguay"
    },
    "latitude": "-33.00000000",
    "longitude": "-56.00000000",
    "emoji": "🇺🇾",
    "emojiU": "U+1F1FA U+1F1FE"
  }
}