[
  {
    "id": 135240,
    "name": "Abbateggio"
  },
  {
    "id": 135250,
    "name": "Acciano"
  },
  {
    "id": 135325,
    "name": "Aielli"
  },
  {
    "id": 135342,
    "name": "Alanno"
  },
  {
    "id": 135347,
    "name": "Alba Adriatica"
  },
  {
    "id": 135400,
    "name": "Alfedena"
  },
  {
    "id": 135440,
    "name": "Altino"
  },
  {
    "id": 135477,
    "name": "Ancarano"
  },
  {
    "id": 135523,
    "name": "Anversa degli Abruzzi"
  },
  {
    "id": 135565,
    "name": "Archi"
  },
  {
    "id": 135597,
    "name": "Ari"
  },
  {
    "id": 135602,
    "name": "Arielli"
  },
  {
    "id": 135638,
    "name": "Arsita"
  },
  {
    "id": 135672,
    "name": "Ateleta"
  },
  {
    "id": 135675,
    "name": "Atessa"
  },
  {
    "id": 135679,
    "name": "Atri"
  },
  {
    "id": 135704,
    "name": "Avezzano"
  },
  {
    "id": 135795,
    "name": "Balsorano"
  },
  {
    "id": 135796,
    "name": "Balsorano Nuovo"
  },
  {
    "id": 135826,
    "name": "Barberi"
  },
  {
    "id": 135847,
    "name": "Barete"
  },
  {
    "id": 135858,
    "name": "Barisciano"
  },
  {
    "id": 135870,
    "name": "Barrea"
  },
  {
    "id": 135881,
    "name": "Basciano"
  },
  {
    "id": 135938,
    "name": "Bellante"
  },
  {
    "id": 135939,
    "name": "Bellante Stazione"
  },
  {
    "id": 136062,
    "name": "Bisegna"
  },
  {
    "id": 136063,
    "name": "Bisenti"
  },
  {
    "id": 136108,
    "name": "Bolognano"
  },
  {
    "id": 136119,
    "name": "Bomba"
  },
  {
    "id": 136189,
    "name": "Borgo Santa Maria Immacolata"
  },
  {
    "id": 136227,
    "name": "Borrello"
  },
  {
    "id": 136343,
    "name": "Brittoli"
  },
  {
    "id": 136385,
    "name": "Bucchianico"
  },
  {
    "id": 136397,
    "name": "Bugnara"
  },
  {
    "id": 136430,
    "name": "Bussi sul Tirino"
  },
  {
    "id": 136470,
    "name": "Cagnano Amiterno"
  },
  {
    "id": 136494,
    "name": "Calascio"
  },
  {
    "id": 136625,
    "name": "Campli"
  },
  {
    "id": 136635,
    "name": "Campo di Giove"
  },
  {
    "id": 136683,
    "name": "Campotosto"
  },
  {
    "id": 136716,
    "name": "Canistro Inferiore"
  },
  {
    "id": 136731,
    "name": "Canosa Sannita"
  },
  {
    "id": 136736,
    "name": "Cansano"
  },
  {
    "id": 136752,
    "name": "Canzano"
  },
  {
    "id": 136765,
    "name": "Capestrano"
  },
  {
    "id": 136771,
    "name": "Capistrello"
  },
  {
    "id": 136774,
    "name": "Capitignano"
  },
  {
    "id": 136786,
    "name": "Caporciano"
  },
  {
    "id": 136790,
    "name": "Cappadocia"
  },
  {
    "id": 136794,
    "name": "Cappelle sul Tavo"
  },
  {
    "id": 136831,
    "name": "Caramanico Terme"
  },
  {
    "id": 136835,
    "name": "Carapelle Calvisio"
  },
  {
    "id": 136920,
    "name": "Carpineto della Nora"
  },
  {
    "id": 136919,
    "name": "Carpineto Sinello"
  },
  {
    "id": 136936,
    "name": "Carsoli"
  },
  {
    "id": 136945,
    "name": "Carunchio"
  },
  {
    "id": 136954,
    "name": "Casacanditella"
  },
  {
    "id": 136961,
    "name": "Casalanguida"
  },
  {
    "id": 136965,
    "name": "Casalbordino-Miracoli"
  },
  {
    "id": 136995,
    "name": "Casalincontrada"
  },
  {
    "id": 137083,
    "name": "Casoli"
  },
  {
    "id": 137133,
    "name": "Castel Castagna"
  },
  {
    "id": 137165,
    "name": "Castel del Monte"
  },
  {
    "id": 137169,
    "name": "Castel di Ieri"
  },
  {
    "id": 137173,
    "name": "Castel di Sangro"
  },
  {
    "id": 137136,
    "name": "Castel Frentano"
  },
  {
    "id": 137205,
    "name": "Castelguidone"
  },
  {
    "id": 137210,
    "name": "Castellafiume"
  },
  {
    "id": 137211,
    "name": "Castellalto"
  },
  {
    "id": 137242,
    "name": "Castelli"
  },
  {
    "id": 137295,
    "name": "Castelnuovo Vomano"
  },
  {
    "id": 137321,
    "name": "Castelvecchio Calvisio"
  },
  {
    "id": 137322,
    "name": "Castelvecchio Subequo"
  },
  {
    "id": 137347,
    "name": "Castiglione a Casauria"
  },
  {
    "id": 137342,
    "name": "Castiglione Messer Marino"
  },
  {
    "id": 137343,
    "name": "Castiglione Messer Raimondo"
  },
  {
    "id": 137360,
    "name": "Castilenti"
  },
  {
    "id": 137395,
    "name": "Catignano"
  },
  {
    "id": 137462,
    "name": "Celano"
  },
  {
    "id": 137465,
    "name": "Celenza sul Trigno"
  },
  {
    "id": 137479,
    "name": "Cellino Attanasio"
  },
  {
    "id": 137505,
    "name": "Cepagatti"
  },
  {
    "id": 137525,
    "name": "Cerchio"
  },
  {
    "id": 137555,
    "name": "Cermignano"
  },
  {
    "id": 137560,
    "name": "Cerratina"
  },
  {
    "id": 137672,
    "name": "Chieti"
  },
  {
    "id": 137772,
    "name": "Città Sant'Angelo"
  },
  {
    "id": 137787,
    "name": "Civita d'Antino"
  },
  {
    "id": 137789,
    "name": "Civitaluparella"
  },
  {
    "id": 137793,
    "name": "Civitaquana"
  },
  {
    "id": 137795,
    "name": "Civitella Alfedena"
  },
  {
    "id": 137796,
    "name": "Civitella Casanova"
  },
  {
    "id": 137802,
    "name": "Civitella del Tronto"
  },
  {
    "id": 137798,
    "name": "Civitella Messer Raimondo"
  },
  {
    "id": 137799,
    "name": "Civitella Roveto"
  },
  {
    "id": 137826,
    "name": "Cocullo"
  },
  {
    "id": 137857,
    "name": "Collarmele"
  },
  {
    "id": 137876,
    "name": "Collecorvino"
  },
  {
    "id": 137877,
    "name": "Colledara"
  },
  {
    "id": 137878,
    "name": "Colledimacine"
  },
  {
    "id": 137879,
    "name": "Colledimezzo"
  },
  {
    "id": 137884,
    "name": "Collelongo"
  },
  {
    "id": 137889,
    "name": "Collepietro"
  },
  {
    "id": 137890,
    "name": "Colleranesco"
  },
  {
    "id": 137911,
    "name": "Cologna Spiaggia"
  },
  {
    "id": 137923,
    "name": "Colonnella"
  },
  {
    "id": 137941,
    "name": "Cominio"
  },
  {
    "id": 137980,
    "name": "Controguerra"
  },
  {
    "id": 137989,
    "name": "Coppito"
  },
  {
    "id": 138008,
    "name": "Corfinio"
  },
  {
    "id": 138044,
    "name": "Corropoli"
  },
  {
    "id": 138069,
    "name": "Cortino"
  },
  {
    "id": 138072,
    "name": "Corvara"
  },
  {
    "id": 138129,
    "name": "Crecchio"
  },
  {
    "id": 138163,
    "name": "Crognaleto"
  },
  {
    "id": 138186,
    "name": "Cugnoli"
  },
  {
    "id": 138195,
    "name": "Cupello"
  },
  {
    "id": 138277,
    "name": "Dogliola"
  },
  {
    "id": 138351,
    "name": "Elice"
  },
  {
    "id": 138422,
    "name": "Fallo"
  },
  {
    "id": 138434,
    "name": "Fano Adriano"
  },
  {
    "id": 138437,
    "name": "Fara Filiorum Petri"
  },
  {
    "id": 138441,
    "name": "Fara San Martino"
  },
  {
    "id": 138447,
    "name": "Farindola"
  },
  {
    "id": 138527,
    "name": "Filetto"
  },
  {
    "id": 138607,
    "name": "Fonte Umano-San Martino Alta"
  },
  {
    "id": 138609,
    "name": "Fontecchio"
  },
  {
    "id": 138667,
    "name": "Fossa"
  },
  {
    "id": 138669,
    "name": "Fossacesia"
  },
  {
    "id": 138690,
    "name": "Fraine"
  },
  {
    "id": 138696,
    "name": "Francavilla al Mare"
  },
  {
    "id": 138730,
    "name": "Fresagrandinaria"
  },
  {
    "id": 138736,
    "name": "Frisa"
  },
  {
    "id": 138755,
    "name": "Furci"
  },
  {
    "id": 138781,
    "name": "Gagliano Aterno"
  },
  {
    "id": 138832,
    "name": "Gamberale"
  },
  {
    "id": 138926,
    "name": "Gessopalena"
  },
  {
    "id": 138970,
    "name": "Gioia dei Marsi"
  },
  {
    "id": 138985,
    "name": "Gissi"
  },
  {
    "id": 138991,
    "name": "Giuliano Teatino"
  },
  {
    "id": 138993,
    "name": "Giulianova"
  },
  {
    "id": 139031,
    "name": "Goriano Sicoli"
  },
  {
    "id": 139163,
    "name": "Guardiagrele"
  },
  {
    "id": 139181,
    "name": "Guilmi"
  },
  {
    "id": 139201,
    "name": "Imposte"
  },
  {
    "id": 139212,
    "name": "Introdacqua"
  },
  {
    "id": 139245,
    "name": "Isola del Gran Sasso d'Italia"
  },
  {
    "id": 139285,
    "name": "L'Aquila"
  },
  {
    "id": 139341,
    "name": "Lama dei Peligni"
  },
  {
    "id": 139354,
    "name": "Lanciano"
  },
  {
    "id": 139431,
    "name": "Lecce Nei Marsi"
  },
  {
    "id": 139451,
    "name": "Lentella"
  },
  {
    "id": 139479,
    "name": "Lettomanoppello"
  },
  {
    "id": 139480,
    "name": "Lettopalena"
  },
  {
    "id": 139538,
    "name": "Liscia"
  },
  {
    "id": 139610,
    "name": "Loreto Aprutino"
  },
  {
    "id": 139638,
    "name": "Luco dei Marsi"
  },
  {
    "id": 139639,
    "name": "Lucoli"
  },
  {
    "id": 139725,
    "name": "Magliano De'Marsi"
  },
  {
    "id": 139802,
    "name": "Manoppello"
  },
  {
    "id": 139803,
    "name": "Manoppello Scalo"
  },
  {
    "id": 139895,
    "name": "Marina di San Vito"
  },
  {
    "id": 139897,
    "name": "Marina di Vasto"
  },
  {
    "id": 139936,
    "name": "Martinsicuro"
  },
  {
    "id": 139975,
    "name": "Massa d'Albe-Corona"
  },
  {
    "id": 140132,
    "name": "Miglianico"
  },
  {
    "id": 140214,
    "name": "Molina Aterno"
  },
  {
    "id": 140350,
    "name": "Montazzoli"
  },
  {
    "id": 140389,
    "name": "Montebello di Bertona"
  },
  {
    "id": 140390,
    "name": "Montebello sul Sangro"
  },
  {
    "id": 140436,
    "name": "Monteferrante"
  },
  {
    "id": 140438,
    "name": "Montefino"
  },
  {
    "id": 140465,
    "name": "Montelapiano"
  },
  {
    "id": 140504,
    "name": "Montenerodomo"
  },
  {
    "id": 140505,
    "name": "Monteodorisio"
  },
  {
    "id": 140514,
    "name": "Montereale"
  },
  {
    "id": 140541,
    "name": "Montesilvano Marina"
  },
  {
    "id": 140557,
    "name": "Monticchio"
  },
  {
    "id": 140586,
    "name": "Montorio al Vomano"
  },
  {
    "id": 140620,
    "name": "Morino"
  },
  {
    "id": 140634,
    "name": "Morro d'Oro"
  },
  {
    "id": 140646,
    "name": "Mosciano Sant'Angelo"
  },
  {
    "id": 140647,
    "name": "Moscufo"
  },
  {
    "id": 140671,
    "name": "Mozzagrogna"
  },
  {
    "id": 140731,
    "name": "Navelli"
  },
  {
    "id": 140743,
    "name": "Nepezzano"
  },
  {
    "id": 140745,
    "name": "Nereto"
  },
  {
    "id": 140746,
    "name": "Nerito"
  },
  {
    "id": 140780,
    "name": "Nocciano"
  },
  {
    "id": 140811,
    "name": "Notaresco"
  },
  {
    "id": 140842,
    "name": "Nucleo Industriale di Bazzano"
  },
  {
    "id": 140874,
    "name": "Ofena"
  },
  {
    "id": 140932,
    "name": "Opi"
  },
  {
    "id": 140952,
    "name": "Oricola"
  },
  {
    "id": 140975,
    "name": "Orsogna"
  },
  {
    "id": 140987,
    "name": "Ortona"
  },
  {
    "id": 140988,
    "name": "Ortona dei Marsi"
  },
  {
    "id": 140990,
    "name": "Ortucchio"
  },
  {
    "id": 141058,
    "name": "Ovindoli"
  },
  {
    "id": 141070,
    "name": "Pacentro"
  },
  {
    "id": 141095,
    "name": "Paganica-Tempera"
  },
  {
    "id": 58205,
    "name": "Pagliare"
  },
  {
    "id": 58209,
    "name": "Paglieta"
  },
  {
    "id": 58238,
    "name": "Palena"
  },
  {
    "id": 58260,
    "name": "Palmoli"
  },
  {
    "id": 58264,
    "name": "Palombaro"
  },
  {
    "id": 58403,
    "name": "Penna Sant'Andrea"
  },
  {
    "id": 58406,
    "name": "Pennadomo"
  },
  {
    "id": 58407,
    "name": "Pennapiedimonte"
  },
  {
    "id": 58408,
    "name": "Penne"
  },
  {
    "id": 58411,
    "name": "Perano"
  },
  {
    "id": 58420,
    "name": "Pereto"
  },
  {
    "id": 58450,
    "name": "Pescara"
  },
  {
    "id": 58452,
    "name": "Pescasseroli"
  },
  {
    "id": 58459,
    "name": "Pescina"
  },
  {
    "id": 58461,
    "name": "Pescocostanzo"
  },
  {
    "id": 58466,
    "name": "Pescosansonesco Nuovo"
  },
  {
    "id": 58493,
    "name": "Pettorano sul Gizio"
  },
  {
    "id": 58523,
    "name": "Pianella"
  },
  {
    "id": 58548,
    "name": "Pianola"
  },
  {
    "id": 58554,
    "name": "Pianura Vomano"
  },
  {
    "id": 58579,
    "name": "Picciano"
  },
  {
    "id": 58607,
    "name": "Pietracamela"
  },
  {
    "id": 58612,
    "name": "Pietraferrazzana"
  },
  {
    "id": 58619,
    "name": "Pietranico"
  },
  {
    "id": 58677,
    "name": "Pineto"
  },
  {
    "id": 58727,
    "name": "Pizzoferrato"
  },
  {
    "id": 58728,
    "name": "Pizzoli"
  },
  {
    "id": 58759,
    "name": "Poggio Picenze"
  },
  {
    "id": 58768,
    "name": "Poggiofiorito"
  },
  {
    "id": 58802,
    "name": "Pollutri"
  },
  {
    "id": 58900,
    "name": "Popoli"
  },
  {
    "id": 59015,
    "name": "Prata d'Ansidonia"
  },
  {
    "id": 59033,
    "name": "Pratola Peligna"
  },
  {
    "id": 59069,
    "name": "Pretoro"
  },
  {
    "id": 59070,
    "name": "Preturo"
  },
  {
    "id": 59072,
    "name": "Prezza"
  },
  {
    "id": 59087,
    "name": "Progetto Case Bazzano"
  },
  {
    "id": 59088,
    "name": "Progetto Case Coppito 3"
  },
  {
    "id": 59089,
    "name": "Progetto Case Sassa Nsi"
  },
  {
    "id": 59106,
    "name": "Provincia dell' Aquila"
  },
  {
    "id": 59124,
    "name": "Provincia di Chieti"
  },
  {
    "id": 59160,
    "name": "Provincia di Pescara"
  },
  {
    "id": 59179,
    "name": "Provincia di Teramo"
  },
  {
    "id": 59212,
    "name": "Quadri"
  },
  {
    "id": 59270,
    "name": "Raiano"
  },
  {
    "id": 59285,
    "name": "Rapino"
  },
  {
    "id": 59399,
    "name": "Ripa Teatina"
  },
  {
    "id": 59439,
    "name": "Rivisondoli"
  },
  {
    "id": 59483,
    "name": "Rocca di Botte"
  },
  {
    "id": 59484,
    "name": "Rocca di Cambio"
  },
  {
    "id": 59487,
    "name": "Rocca di Mezzo"
  },
  {
    "id": 59473,
    "name": "Rocca Pia"
  },
  {
    "id": 59478,
    "name": "Rocca San Giovanni"
  },
  {
    "id": 59494,
    "name": "Roccacasale"
  },
  {
    "id": 59510,
    "name": "Roccamorice"
  },
  {
    "id": 59516,
    "name": "Roccaraso"
  },
  {
    "id": 59518,
    "name": "Roccascalegna"
  },
  {
    "id": 59524,
    "name": "Roccaspinalveti-Santa Giusta"
  },
  {
    "id": 59531,
    "name": "Roccavivi"
  },
  {
    "id": 59567,
    "name": "Roio del Sangro"
  },
  {
    "id": 59629,
    "name": "Rosciano"
  },
  {
    "id": 59634,
    "name": "Rosello"
  },
  {
    "id": 59637,
    "name": "Roseto degli Abruzzi"
  },
  {
    "id": 59772,
    "name": "Salino"
  },
  {
    "id": 59777,
    "name": "Salle"
  },
  {
    "id": 59792,
    "name": "Salvo Marina"
  },
  {
    "id": 59806,
    "name": "Sambuceto"
  },
  {
    "id": 59831,
    "name": "San Benedetto dei Marsi"
  },
  {
    "id": 59833,
    "name": "San Benedetto in Perillis"
  },
  {
    "id": 59849,
    "name": "San Buono"
  },
  {
    "id": 59892,
    "name": "San Demetrio Ne' Vestini"
  },
  {
    "id": 59986,
    "name": "San Giovanni Lipioni"
  },
  {
    "id": 60072,
    "name": "San Martino Bassa"
  },
  {
    "id": 60097,
    "name": "San Martino sulla Marrucina"
  },
  {
    "id": 60148,
    "name": "San Nicolò a Tordino"
  },
  {
    "id": 60153,
    "name": "San Panfilo d'Ocre"
  },
  {
    "id": 60203,
    "name": "San Pio delle Camere"
  },
  {
    "id": 60222,
    "name": "San Rocco"
  },
  {
    "id": 60234,
    "name": "San Salvo"
  },
  {
    "id": 60259,
    "name": "San Valentino in Abruzzo Citeriore"
  },
  {
    "id": 60269,
    "name": "San Vincenzo Valle Roveto"
  },
  {
    "id": 60275,
    "name": "San Vito Chietino"
  },
  {
    "id": 60391,
    "name": "Sant'Egidio alla Vibrata"
  },
  {
    "id": 60400,
    "name": "Sant'Eufemia a Maiella"
  },
  {
    "id": 60403,
    "name": "Sant'Eusanio del Sangro"
  },
  {
    "id": 60402,
    "name": "Sant'Eusanio Forconese"
  },
  {
    "id": 60407,
    "name": "Sant'Omero"
  },
  {
    "id": 60463,
    "name": "Santa Maria Imbaro"
  },
  {
    "id": 60494,
    "name": "Santa Teresa"
  },
  {
    "id": 60504,
    "name": "Sante Marie"
  },
  {
    "id": 60524,
    "name": "Santo Stefano di Sessanio"
  },
  {
    "id": 60565,
    "name": "Sassa"
  },
  {
    "id": 60601,
    "name": "Scafa"
  },
  {
    "id": 60622,
    "name": "Scanno"
  },
  {
    "id": 60639,
    "name": "Scerne"
  },
  {
    "id": 60640,
    "name": "Scerni"
  },
  {
    "id": 60643,
    "name": "Schiavi di Abruzzo"
  },
  {
    "id": 60662,
    "name": "Scontrone"
  },
  {
    "id": 60665,
    "name": "Scoppito"
  },
  {
    "id": 60670,
    "name": "Scurcola Marsicana"
  },
  {
    "id": 60676,
    "name": "Secinaro"
  },
  {
    "id": 60704,
    "name": "Selva"
  },
  {
    "id": 60765,
    "name": "Serramonacesca"
  },
  {
    "id": 60857,
    "name": "Silvi"
  },
  {
    "id": 61027,
    "name": "Spoltore"
  },
  {
    "id": 61116,
    "name": "Sulmona"
  },
  {
    "id": 61142,
    "name": "Tagliacozzo"
  },
  {
    "id": 61163,
    "name": "Taranta Peligna"
  },
  {
    "id": 61217,
    "name": "Teramo"
  },
  {
    "id": 61280,
    "name": "Tione degli Abruzzi"
  },
  {
    "id": 61293,
    "name": "Tocco da Casauria"
  },
  {
    "id": 61301,
    "name": "Tollo"
  },
  {
    "id": 61317,
    "name": "Torano Nuovo"
  },
  {
    "id": 61330,
    "name": "Torino di Sangro"
  },
  {
    "id": 61334,
    "name": "Tornareccio"
  },
  {
    "id": 61336,
    "name": "Tornimparte"
  },
  {
    "id": 61368,
    "name": "Torre de' Passeri"
  },
  {
    "id": 61380,
    "name": "Torrebruna"
  },
  {
    "id": 61392,
    "name": "Torrevecchia"
  },
  {
    "id": 61399,
    "name": "Torricella"
  },
  {
    "id": 61401,
    "name": "Torricella Peligna"
  },
  {
    "id": 61416,
    "name": "Tortoreto"
  },
  {
    "id": 61417,
    "name": "Tortoreto Lido"
  },
  {
    "id": 61424,
    "name": "Tossicia"
  },
  {
    "id": 61444,
    "name": "Trasacco"
  },
  {
    "id": 61473,
    "name": "Treglio"
  },
  {
    "id": 61563,
    "name": "Tufillo"
  },
  {
    "id": 61578,
    "name": "Turrivalignani"
  },
  {
    "id": 61626,
    "name": "Vacri"
  },
  {
    "id": 61686,
    "name": "Valle Castellana"
  },
  {
    "id": 61704,
    "name": "Vallecupa"
  },
  {
    "id": 61781,
    "name": "Vasto"
  },
  {
    "id": 61922,
    "name": "Vicoli"
  },
  {
    "id": 61988,
    "name": "Villa Caldari"
  },
  {
    "id": 61992,
    "name": "Villa Celiera"
  },
  {
    "id": 62003,
    "name": "Villa Lempa"
  },
  {
    "id": 62012,
    "name": "Villa Raspa"
  },
  {
    "id": 62015,
    "name": "Villa Rosa"
  },
  {
    "id": 62022,
    "name": "Villa Sant'Angelo"
  },
  {
    "id": 62025,
    "name": "Villa Santa Lucia degli Abruzzi"
  },
  {
    "id": 62026,
    "name": "Villa Santa Maria"
  },
  {
    "id": 62071,
    "name": "Villagrande"
  },
  {
    "id": 62075,
    "name": "Villalago"
  },
  {
    "id": 62078,
    "name": "Villalfonsina"
  },
  {
    "id": 62080,
    "name": "Villamagna"
  },
  {
    "id": 62093,
    "name": "Villanova"
  },
  {
    "id": 62145,
    "name": "Villavallelonga"
  },
  {
    "id": 62151,
    "name": "Villetta Barrea"
  },
  {
    "id": 62186,
    "name": "Vittorito"
  }
]