[
  {
    "id": 135254,
    "name": "Acerno"
  },
  {
    "id": 135255,
    "name": "Acerra"
  },
  {
    "id": 135294,
    "name": "Afragola"
  },
  {
    "id": 135298,
    "name": "Agerola"
  },
  {
    "id": 135319,
    "name": "Agropoli"
  },
  {
    "id": 135328,
    "name": "Aiello del Sabato"
  },
  {
    "id": 135330,
    "name": "Ailano"
  },
  {
    "id": 135334,
    "name": "Airola"
  },
  {
    "id": 135350,
    "name": "Albanella"
  },
  {
    "id": 135399,
    "name": "Alfano"
  },
  {
    "id": 135411,
    "name": "Alife"
  },
  {
    "id": 135432,
    "name": "Altavilla Irpina"
  },
  {
    "id": 135435,
    "name": "Altavilla Silentina"
  },
  {
    "id": 135448,
    "name": "Alvignano"
  },
  {
    "id": 135456,
    "name": "Amalfi"
  },
  {
    "id": 135472,
    "name": "Amodio-Massariola"
  },
  {
    "id": 135473,
    "name": "Amorosi"
  },
  {
    "id": 135475,
    "name": "Anacapri"
  },
  {
    "id": 135490,
    "name": "Andretta-Mattinella"
  },
  {
    "id": 135500,
    "name": "Angri"
  },
  {
    "id": 135508,
    "name": "Annunziata"
  },
  {
    "id": 135515,
    "name": "Antessano"
  },
  {
    "id": 135532,
    "name": "Apice Vecchio"
  },
  {
    "id": 135534,
    "name": "Apollosa"
  },
  {
    "id": 135543,
    "name": "Aquara"
  },
  {
    "id": 135546,
    "name": "Aquilonia"
  },
  {
    "id": 135587,
    "name": "Arenella"
  },
  {
    "id": 135599,
    "name": "Ariano"
  },
  {
    "id": 135600,
    "name": "Ariano Irpino-Martiri"
  },
  {
    "id": 135603,
    "name": "Arienzo"
  },
  {
    "id": 135606,
    "name": "Ariola"
  },
  {
    "id": 135623,
    "name": "Arola-Preazzano"
  },
  {
    "id": 135626,
    "name": "Arpaia"
  },
  {
    "id": 135627,
    "name": "Arpaise"
  },
  {
    "id": 135629,
    "name": "Arpino"
  },
  {
    "id": 135649,
    "name": "Arzano"
  },
  {
    "id": 135653,
    "name": "Ascea"
  },
  {
    "id": 135674,
    "name": "Atena Lucana"
  },
  {
    "id": 135678,
    "name": "Atrani"
  },
  {
    "id": 135680,
    "name": "Atripalda"
  },
  {
    "id": 135686,
    "name": "Auletta"
  },
  {
    "id": 135699,
    "name": "Avella"
  },
  {
    "id": 135700,
    "name": "Avellino"
  },
  {
    "id": 135702,
    "name": "Aversa"
  },
  {
    "id": 135715,
    "name": "Avvocata"
  },
  {
    "id": 135729,
    "name": "Bacoli"
  },
  {
    "id": 135762,
    "name": "Bagnoli"
  },
  {
    "id": 135763,
    "name": "Bagnoli Irpino"
  },
  {
    "id": 135777,
    "name": "Baia"
  },
  {
    "id": 135778,
    "name": "Baiano"
  },
  {
    "id": 135805,
    "name": "Banzano"
  },
  {
    "id": 135812,
    "name": "Barano d'Ischia"
  },
  {
    "id": 135865,
    "name": "Baronissi"
  },
  {
    "id": 135867,
    "name": "Barra"
  },
  {
    "id": 135883,
    "name": "Baselice"
  },
  {
    "id": 135909,
    "name": "Battipaglia"
  },
  {
    "id": 135945,
    "name": "Bellizzi"
  },
  {
    "id": 135947,
    "name": "Bellona"
  },
  {
    "id": 135948,
    "name": "Bellosguardo"
  },
  {
    "id": 135959,
    "name": "Beltiglio-San Giovanni"
  },
  {
    "id": 135976,
    "name": "Benevento"
  },
  {
    "id": 136058,
    "name": "Bisaccia"
  },
  {
    "id": 136059,
    "name": "Bisaccia Nuova"
  },
  {
    "id": 136071,
    "name": "Bivio Mortola"
  },
  {
    "id": 136073,
    "name": "Bivio Santa Cecilia"
  },
  {
    "id": 136134,
    "name": "Bonea"
  },
  {
    "id": 136139,
    "name": "Bonito"
  },
  {
    "id": 136170,
    "name": "Borgo"
  },
  {
    "id": 136247,
    "name": "Boscoreale"
  },
  {
    "id": 136248,
    "name": "Boscotrecase"
  },
  {
    "id": 136282,
    "name": "Bracigliano"
  },
  {
    "id": 136322,
    "name": "Brezza"
  },
  {
    "id": 136375,
    "name": "Brusciano"
  },
  {
    "id": 136386,
    "name": "Bucciano"
  },
  {
    "id": 136388,
    "name": "Buccino"
  },
  {
    "id": 136405,
    "name": "Buonabitacolo"
  },
  {
    "id": 136406,
    "name": "Buonalbergo"
  },
  {
    "id": 136466,
    "name": "Caggiano"
  },
  {
    "id": 136474,
    "name": "Caianello"
  },
  {
    "id": 136475,
    "name": "Caiazzo"
  },
  {
    "id": 136481,
    "name": "Cairano"
  },
  {
    "id": 136484,
    "name": "Caivano"
  },
  {
    "id": 136486,
    "name": "Calabritto"
  },
  {
    "id": 136529,
    "name": "Calitri"
  },
  {
    "id": 136551,
    "name": "Calvanico"
  },
  {
    "id": 136557,
    "name": "Calvi"
  },
  {
    "id": 136558,
    "name": "Calvi Risorta"
  },
  {
    "id": 136564,
    "name": "Calvizzano"
  },
  {
    "id": 136585,
    "name": "Camerota"
  },
  {
    "id": 136586,
    "name": "Camigliano"
  },
  {
    "id": 136599,
    "name": "Campagna"
  },
  {
    "id": 136608,
    "name": "Campanarello"
  },
  {
    "id": 136658,
    "name": "Campolattaro"
  },
  {
    "id": 136661,
    "name": "Campoli del Monte Taburno"
  },
  {
    "id": 136672,
    "name": "Campora"
  },
  {
    "id": 136680,
    "name": "Camposano"
  },
  {
    "id": 136695,
    "name": "Cancello-Arnone"
  },
  {
    "id": 136703,
    "name": "Candida"
  },
  {
    "id": 136718,
    "name": "Cannalonga"
  },
  {
    "id": 136756,
    "name": "Capaccio"
  },
  {
    "id": 136757,
    "name": "Capaccio Scalo"
  },
  {
    "id": 136766,
    "name": "Capezzano Inferiore"
  },
  {
    "id": 136767,
    "name": "Capezzano-Cologna"
  },
  {
    "id": 136775,
    "name": "Capitignano"
  },
  {
    "id": 136782,
    "name": "Capodrise"
  },
  {
    "id": 136787,
    "name": "Caposele"
  },
  {
    "id": 136809,
    "name": "Capri"
  },
  {
    "id": 136816,
    "name": "Capriati A Volturno"
  },
  {
    "id": 136818,
    "name": "Capriglia"
  },
  {
    "id": 136819,
    "name": "Capriglia Irpina"
  },
  {
    "id": 136825,
    "name": "Capua"
  },
  {
    "id": 136832,
    "name": "Carano"
  },
  {
    "id": 136847,
    "name": "Carbonara di Nola"
  },
  {
    "id": 136862,
    "name": "Cardito"
  },
  {
    "id": 136875,
    "name": "Carife"
  },
  {
    "id": 136876,
    "name": "Carifi-Torello-Priscoli"
  },
  {
    "id": 136879,
    "name": "Carinaro"
  },
  {
    "id": 136881,
    "name": "Carinola"
  },
  {
    "id": 136956,
    "name": "Casagiove"
  },
  {
    "id": 136960,
    "name": "Casal di Principe"
  },
  {
    "id": 136959,
    "name": "Casal Velino"
  },
  {
    "id": 136966,
    "name": "Casalbore"
  },
  {
    "id": 136968,
    "name": "Casalbuono"
  },
  {
    "id": 136971,
    "name": "Casalduni"
  },
  {
    "id": 136972,
    "name": "Casale"
  },
  {
    "id": 136987,
    "name": "Casaletto Spartano"
  },
  {
    "id": 136994,
    "name": "Casali-San Potito"
  },
  {
    "id": 137004,
    "name": "Casalnuovo di Napoli"
  },
  {
    "id": 137009,
    "name": "Casaluce"
  },
  {
    "id": 137015,
    "name": "Casamarciano"
  },
  {
    "id": 137018,
    "name": "Casamicciola Terme"
  },
  {
    "id": 137019,
    "name": "Casandrino"
  },
  {
    "id": 137021,
    "name": "Casanova"
  },
  {
    "id": 137026,
    "name": "Casapesenna"
  },
  {
    "id": 137029,
    "name": "Casapulla"
  },
  {
    "id": 137031,
    "name": "Casarea"
  },
  {
    "id": 137041,
    "name": "Casavatore"
  },
  {
    "id": 137044,
    "name": "Cascano"
  },
  {
    "id": 137063,
    "name": "Caselle in Pittari"
  },
  {
    "id": 137065,
    "name": "Caserta"
  },
  {
    "id": 137077,
    "name": "Casola"
  },
  {
    "id": 137079,
    "name": "Casola di Napoli"
  },
  {
    "id": 137089,
    "name": "Casoria"
  },
  {
    "id": 137096,
    "name": "Cassano Irpino"
  },
  {
    "id": 137129,
    "name": "Castel Baronia"
  },
  {
    "id": 137132,
    "name": "Castel Campagnano"
  },
  {
    "id": 137174,
    "name": "Castel di Sasso"
  },
  {
    "id": 137146,
    "name": "Castel Morrone"
  },
  {
    "id": 137150,
    "name": "Castel San Giorgio"
  },
  {
    "id": 137152,
    "name": "Castel San Lorenzo"
  },
  {
    "id": 137161,
    "name": "Castel Volturno"
  },
  {
    "id": 137185,
    "name": "Castelcivita"
  },
  {
    "id": 137196,
    "name": "Castelfranci"
  },
  {
    "id": 137201,
    "name": "Castelfranco in Miscano"
  },
  {
    "id": 137213,
    "name": "Castellammare di Stabia"
  },
  {
    "id": 137257,
    "name": "Castello del Matese"
  },
  {
    "id": 137261,
    "name": "Castello di Cisterna"
  },
  {
    "id": 137288,
    "name": "Castelnuovo Cilento"
  },
  {
    "id": 137300,
    "name": "Castelnuovo di Conza"
  },
  {
    "id": 137305,
    "name": "Castelpagano"
  },
  {
    "id": 137309,
    "name": "Castelpoto"
  },
  {
    "id": 137324,
    "name": "Castelvenere"
  },
  {
    "id": 137327,
    "name": "Castelvetere in Val Fortore"
  },
  {
    "id": 137328,
    "name": "Castelvetere sul Calore"
  },
  {
    "id": 137352,
    "name": "Castiglione del Genovesi"
  },
  {
    "id": 137400,
    "name": "Cautano"
  },
  {
    "id": 137401,
    "name": "Cava Dè Tirreni"
  },
  {
    "id": 137475,
    "name": "Celle di Bulgheria"
  },
  {
    "id": 137482,
    "name": "Cellole"
  },
  {
    "id": 137499,
    "name": "Centola"
  },
  {
    "id": 137503,
    "name": "Centro Urbano"
  },
  {
    "id": 137508,
    "name": "Ceppaloni"
  },
  {
    "id": 137517,
    "name": "Ceraso"
  },
  {
    "id": 137528,
    "name": "Cercola"
  },
  {
    "id": 137566,
    "name": "Cerreto Sannita"
  },
  {
    "id": 137595,
    "name": "Cervinara"
  },
  {
    "id": 137596,
    "name": "Cervino"
  },
  {
    "id": 137600,
    "name": "Cesa"
  },
  {
    "id": 137613,
    "name": "Cesinali"
  },
  {
    "id": 137620,
    "name": "Cetara"
  },
  {
    "id": 137638,
    "name": "Chiaia"
  },
  {
    "id": 137639,
    "name": "Chiaiano"
  },
  {
    "id": 137642,
    "name": "Chianche"
  },
  {
    "id": 137693,
    "name": "Chiusano di San Domenico"
  },
  {
    "id": 137709,
    "name": "Cicciano"
  },
  {
    "id": 137710,
    "name": "Cicerale"
  },
  {
    "id": 137726,
    "name": "Cimitile"
  },
  {
    "id": 137743,
    "name": "Ciorlano"
  },
  {
    "id": 137746,
    "name": "Circello"
  },
  {
    "id": 137864,
    "name": "Colle Sannita"
  },
  {
    "id": 137902,
    "name": "Colliano"
  },
  {
    "id": 137944,
    "name": "Comiziano"
  },
  {
    "id": 137954,
    "name": "Conca dei Marini"
  },
  {
    "id": 137955,
    "name": "Conca della Campania"
  },
  {
    "id": 137979,
    "name": "Contrada"
  },
  {
    "id": 137981,
    "name": "Controne"
  },
  {
    "id": 137982,
    "name": "Contursi Terme"
  },
  {
    "id": 137985,
    "name": "Coperchia"
  },
  {
    "id": 137993,
    "name": "Corbara"
  },
  {
    "id": 138018,
    "name": "Corleto Monforte"
  },
  {
    "id": 138114,
    "name": "Country Park"
  },
  {
    "id": 138155,
    "name": "Crispano"
  },
  {
    "id": 138179,
    "name": "Cuccaro Vetere"
  },
  {
    "id": 138209,
    "name": "Curti"
  },
  {
    "id": 138212,
    "name": "Cusano Mutri"
  },
  {
    "id": 138290,
    "name": "Domicella"
  },
  {
    "id": 138325,
    "name": "Dragonea"
  },
  {
    "id": 138326,
    "name": "Dragoni"
  },
  {
    "id": 138340,
    "name": "Dugenta"
  },
  {
    "id": 138345,
    "name": "Durazzano"
  },
  {
    "id": 138348,
    "name": "Eboli"
  },
  {
    "id": 138372,
    "name": "Ercolano"
  },
  {
    "id": 138411,
    "name": "Faiano"
  },
  {
    "id": 138412,
    "name": "Faicchio"
  },
  {
    "id": 138414,
    "name": "Falciano del Massico"
  },
  {
    "id": 138444,
    "name": "Faraldo-Nocelleto"
  },
  {
    "id": 138470,
    "name": "Felitto"
  },
  {
    "id": 138545,
    "name": "Fisciano"
  },
  {
    "id": 138567,
    "name": "Flumeri"
  },
  {
    "id": 138573,
    "name": "Foglianise"
  },
  {
    "id": 138579,
    "name": "Foiano di Val Fortore"
  },
  {
    "id": 138595,
    "name": "Fontanarosa"
  },
  {
    "id": 138611,
    "name": "Fontegreca"
  },
  {
    "id": 138620,
    "name": "Forchia"
  },
  {
    "id": 138629,
    "name": "Forino"
  },
  {
    "id": 138630,
    "name": "Forio"
  },
  {
    "id": 138638,
    "name": "Formicola"
  },
  {
    "id": 138688,
    "name": "Fragneto L'Abate"
  },
  {
    "id": 138689,
    "name": "Fragneto Monforte"
  },
  {
    "id": 138701,
    "name": "Franche"
  },
  {
    "id": 138705,
    "name": "Francolise"
  },
  {
    "id": 138718,
    "name": "Frasso Telesino"
  },
  {
    "id": 138722,
    "name": "Frattamaggiore"
  },
  {
    "id": 138723,
    "name": "Frattaminore"
  },
  {
    "id": 138733,
    "name": "Frigento"
  },
  {
    "id": 138734,
    "name": "Frignano"
  },
  {
    "id": 138752,
    "name": "Fuorigrotta"
  },
  {
    "id": 138753,
    "name": "Fuorni"
  },
  {
    "id": 138758,
    "name": "Furore"
  },
  {
    "id": 138764,
    "name": "Futani"
  },
  {
    "id": 138816,
    "name": "Gallo"
  },
  {
    "id": 138817,
    "name": "Gallo Matese"
  },
  {
    "id": 138820,
    "name": "Galluccio"
  },
  {
    "id": 138928,
    "name": "Gesualdo"
  },
  {
    "id": 138942,
    "name": "Giano Vetusto"
  },
  {
    "id": 138957,
    "name": "Giffoni Valle Piana"
  },
  {
    "id": 138965,
    "name": "Ginestra degli Schiavoni"
  },
  {
    "id": 138967,
    "name": "Gioi"
  },
  {
    "id": 138968,
    "name": "Gioia Sannitica"
  },
  {
    "id": 138988,
    "name": "Giugliano in Campania"
  },
  {
    "id": 138995,
    "name": "Giungano"
  },
  {
    "id": 139056,
    "name": "Gragnano"
  },
  {
    "id": 139084,
    "name": "Grazzanise"
  },
  {
    "id": 139086,
    "name": "Greci"
  },
  {
    "id": 139096,
    "name": "Gricignano di Aversa"
  },
  {
    "id": 139122,
    "name": "Grottaminarda"
  },
  {
    "id": 139129,
    "name": "Grottola"
  },
  {
    "id": 139131,
    "name": "Grottolella"
  },
  {
    "id": 139140,
    "name": "Grumo Nevano"
  },
  {
    "id": 139159,
    "name": "Guardia Lombardi"
  },
  {
    "id": 139162,
    "name": "Guardia Sanframondi"
  },
  {
    "id": 139227,
    "name": "Ischia"
  },
  {
    "id": 139228,
    "name": "Ischia Porto"
  },
  {
    "id": 139258,
    "name": "Ispani"
  },
  {
    "id": 139313,
    "name": "Lacco Ameno"
  },
  {
    "id": 139314,
    "name": "Lacedonia"
  },
  {
    "id": 139355,
    "name": "Lancusi-Penta-Bolano"
  },
  {
    "id": 139364,
    "name": "Lanzara"
  },
  {
    "id": 139368,
    "name": "Lapio"
  },
  {
    "id": 139396,
    "name": "Laura"
  },
  {
    "id": 139397,
    "name": "Laureana Cilento"
  },
  {
    "id": 139404,
    "name": "Laurino"
  },
  {
    "id": 139405,
    "name": "Laurito"
  },
  {
    "id": 139406,
    "name": "Lauro"
  },
  {
    "id": 139415,
    "name": "Laviano"
  },
  {
    "id": 139476,
    "name": "Letino"
  },
  {
    "id": 139478,
    "name": "Lettere"
  },
  {
    "id": 139492,
    "name": "Liberi"
  },
  {
    "id": 139497,
    "name": "Licinella-Torre di Paestum"
  },
  {
    "id": 139499,
    "name": "Licusati"
  },
  {
    "id": 139516,
    "name": "Limatola"
  },
  {
    "id": 139532,
    "name": "Lioni"
  },
  {
    "id": 139546,
    "name": "Liveri"
  },
  {
    "id": 139662,
    "name": "Luogosano"
  },
  {
    "id": 139670,
    "name": "Lusciano"
  },
  {
    "id": 139679,
    "name": "Lustra"
  },
  {
    "id": 139683,
    "name": "Luzzano"
  },
  {
    "id": 139690,
    "name": "Macchia"
  },
  {
    "id": 139694,
    "name": "Maccoli-Perrillo"
  },
  {
    "id": 139697,
    "name": "Macerata Campania"
  },
  {
    "id": 139706,
    "name": "Maddaloni"
  },
  {
    "id": 139728,
    "name": "Magliano Vetere"
  },
  {
    "id": 139749,
    "name": "Maiori"
  },
  {
    "id": 139759,
    "name": "Malche-Santa Croce-Serroni"
  },
  {
    "id": 139801,
    "name": "Manocalzati"
  },
  {
    "id": 139827,
    "name": "Marano di Napoli"
  },
  {
    "id": 139847,
    "name": "Marcianise"
  },
  {
    "id": 139870,
    "name": "Mariglianella"
  },
  {
    "id": 139871,
    "name": "Marigliano"
  },
  {
    "id": 139878,
    "name": "Marina di Camerota"
  },
  {
    "id": 139882,
    "name": "Marina di Casal Velino"
  },
  {
    "id": 139944,
    "name": "Marzanello"
  },
  {
    "id": 139946,
    "name": "Marzano Appio"
  },
  {
    "id": 139947,
    "name": "Marzano di Nola"
  },
  {
    "id": 139976,
    "name": "Massa di Somma"
  },
  {
    "id": 139972,
    "name": "Massa Lubrense"
  },
  {
    "id": 139985,
    "name": "Masseria Vecchia Ovest"
  },
  {
    "id": 139996,
    "name": "Matinella"
  },
  {
    "id": 140051,
    "name": "Melito di Napoli"
  },
  {
    "id": 140050,
    "name": "Melito Irpino"
  },
  {
    "id": 140053,
    "name": "Melizzano"
  },
  {
    "id": 140076,
    "name": "Mercato"
  },
  {
    "id": 140077,
    "name": "Mercato San Severino"
  },
  {
    "id": 140081,
    "name": "Mercogliano"
  },
  {
    "id": 140101,
    "name": "Meta"
  },
  {
    "id": 140127,
    "name": "Miano"
  },
  {
    "id": 140141,
    "name": "Mignano Monte Lungo"
  },
  {
    "id": 140161,
    "name": "Minori"
  },
  {
    "id": 140167,
    "name": "Mirabella Eclano"
  },
  {
    "id": 140202,
    "name": "Moiano"
  },
  {
    "id": 140207,
    "name": "Moio della Civitella-Pellare"
  },
  {
    "id": 140216,
    "name": "Molinara"
  },
  {
    "id": 140276,
    "name": "Mondragone"
  },
  {
    "id": 140313,
    "name": "Montaguto"
  },
  {
    "id": 140343,
    "name": "Montano Antilia"
  },
  {
    "id": 140385,
    "name": "Monte di Procida"
  },
  {
    "id": 140369,
    "name": "Monte San Giacomo"
  },
  {
    "id": 140395,
    "name": "Montecalvario"
  },
  {
    "id": 140396,
    "name": "Montecalvo Irpino"
  },
  {
    "id": 140420,
    "name": "Montecorice"
  },
  {
    "id": 140421,
    "name": "Montecorvino Pugliano"
  },
  {
    "id": 140422,
    "name": "Montecorvino Rovella"
  },
  {
    "id": 140426,
    "name": "Montedecoro"
  },
  {
    "id": 140429,
    "name": "Montefalcione"
  },
  {
    "id": 140432,
    "name": "Montefalcone di Val Fortore"
  },
  {
    "id": 140443,
    "name": "Monteforte Cilento"
  },
  {
    "id": 140444,
    "name": "Monteforte Irpino"
  },
  {
    "id": 140448,
    "name": "Montefredane"
  },
  {
    "id": 140449,
    "name": "Montefusco"
  },
  {
    "id": 140476,
    "name": "Montella"
  },
  {
    "id": 140487,
    "name": "Montemarano"
  },
  {
    "id": 140494,
    "name": "Montemiletto"
  },
  {
    "id": 140529,
    "name": "Monterusciello"
  },
  {
    "id": 140531,
    "name": "Montesano sulla Marcellana"
  },
  {
    "id": 140532,
    "name": "Montesarchio"
  },
  {
    "id": 140549,
    "name": "Monteverde"
  },
  {
    "id": 140558,
    "name": "Monticelli"
  },
  {
    "id": 140587,
    "name": "Montoro Superiore"
  },
  {
    "id": 140606,
    "name": "Morcone"
  },
  {
    "id": 140618,
    "name": "Morigerati"
  },
  {
    "id": 140631,
    "name": "Morra de Sanctis"
  },
  {
    "id": 140645,
    "name": "Moschiano"
  },
  {
    "id": 140679,
    "name": "Mugnano del Cardinale"
  },
  {
    "id": 140680,
    "name": "Mugnano di Napoli"
  },
  {
    "id": 140697,
    "name": "Musci"
  },
  {
    "id": 140713,
    "name": "Naples"
  },
  {
    "id": 140714,
    "name": "Napoli"
  },
  {
    "id": 140781,
    "name": "Nocelleto"
  },
  {
    "id": 140782,
    "name": "Nocera Inferiore"
  },
  {
    "id": 140784,
    "name": "Nocera Superiore"
  },
  {
    "id": 140797,
    "name": "Nola"
  },
  {
    "id": 140836,
    "name": "Novi Velia"
  },
  {
    "id": 140850,
    "name": "Nuova Conza della Campania"
  },
  {
    "id": 140861,
    "name": "Nusco"
  },
  {
    "id": 140883,
    "name": "Ogliastro Cilento"
  },
  {
    "id": 140891,
    "name": "Olevano sul Tusciano"
  },
  {
    "id": 140901,
    "name": "Oliveto Citra"
  },
  {
    "id": 140919,
    "name": "Omignano"
  },
  {
    "id": 140968,
    "name": "Orria"
  },
  {
    "id": 140979,
    "name": "Orta di Atella"
  },
  {
    "id": 141020,
    "name": "Ospedaletto d'Alpinolo"
  },
  {
    "id": 141048,
    "name": "Ottati"
  },
  {
    "id": 141050,
    "name": "Ottaviano"
  },
  {
    "id": 141088,
    "name": "Padula"
  },
  {
    "id": 141090,
    "name": "Paduli"
  },
  {
    "id": 141094,
    "name": "Pagani"
  },
  {
    "id": 58208,
    "name": "Pagliarone"
  },
  {
    "id": 58214,
    "name": "Pago del Vallo di Lauro"
  },
  {
    "id": 58213,
    "name": "Pago Veiano"
  },
  {
    "id": 58245,
    "name": "Palinuro"
  },
  {
    "id": 58253,
    "name": "Palma Campania"
  },
  {
    "id": 58265,
    "name": "Palomonte"
  },
  {
    "id": 58281,
    "name": "Pannarano"
  },
  {
    "id": 58288,
    "name": "Paolisi"
  },
  {
    "id": 58303,
    "name": "Parete"
  },
  {
    "id": 58311,
    "name": "Parolise"
  },
  {
    "id": 58321,
    "name": "Pascarola"
  },
  {
    "id": 58332,
    "name": "Passo di Mirabella-Pianopantano"
  },
  {
    "id": 58339,
    "name": "Pastorano"
  },
  {
    "id": 58345,
    "name": "Paternopoli"
  },
  {
    "id": 58357,
    "name": "Paupisi"
  },
  {
    "id": 58395,
    "name": "Pellezzano"
  },
  {
    "id": 58400,
    "name": "Pendino"
  },
  {
    "id": 58418,
    "name": "Perdifumo"
  },
  {
    "id": 58426,
    "name": "Perito"
  },
  {
    "id": 58444,
    "name": "Pertosa"
  },
  {
    "id": 58460,
    "name": "Pesco Sannita"
  },
  {
    "id": 58475,
    "name": "Petina"
  },
  {
    "id": 58488,
    "name": "Petruro Irpino"
  },
  {
    "id": 58498,
    "name": "Pezzano-Filetta"
  },
  {
    "id": 58506,
    "name": "Piaggine"
  },
  {
    "id": 58515,
    "name": "Piana di Monte Verna"
  },
  {
    "id": 58536,
    "name": "Pianillo"
  },
  {
    "id": 58537,
    "name": "Piano"
  },
  {
    "id": 58545,
    "name": "Piano di Sorrento"
  },
  {
    "id": 58553,
    "name": "Pianura"
  },
  {
    "id": 58570,
    "name": "Piazza del Galdo-Sant'Angelo"
  },
  {
    "id": 58571,
    "name": "Piazza di Pandola"
  },
  {
    "id": 58568,
    "name": "Piazza Roma"
  },
  {
    "id": 58572,
    "name": "Piazza-Tralia-Pendolo"
  },
  {
    "id": 58574,
    "name": "Piazzola"
  },
  {
    "id": 58576,
    "name": "Piazzolla"
  },
  {
    "id": 58588,
    "name": "Piedimonte"
  },
  {
    "id": 58590,
    "name": "Piedimonte Matese"
  },
  {
    "id": 58596,
    "name": "Piegolelle-San Bartolomeo"
  },
  {
    "id": 58611,
    "name": "Pietradefusi"
  },
  {
    "id": 58616,
    "name": "Pietramelara"
  },
  {
    "id": 58624,
    "name": "Pietraroja"
  },
  {
    "id": 58626,
    "name": "Pietrastornina"
  },
  {
    "id": 58627,
    "name": "Pietravairano"
  },
  {
    "id": 58628,
    "name": "Pietre"
  },
  {
    "id": 58629,
    "name": "Pietrelcina"
  },
  {
    "id": 58662,
    "name": "Pignataro Maggiore"
  },
  {
    "id": 58670,
    "name": "Pimonte"
  },
  {
    "id": 58706,
    "name": "Piscinola"
  },
  {
    "id": 58707,
    "name": "Pisciotta"
  },
  {
    "id": 58769,
    "name": "Poggiomarino"
  },
  {
    "id": 58770,
    "name": "Poggioreale"
  },
  {
    "id": 58788,
    "name": "Policastro Bussentino"
  },
  {
    "id": 58795,
    "name": "Polla"
  },
  {
    "id": 58797,
    "name": "Pollena Trocchia"
  },
  {
    "id": 58799,
    "name": "Pollica"
  },
  {
    "id": 58807,
    "name": "Polvica"
  },
  {
    "id": 58816,
    "name": "Pomigliano d'Arco"
  },
  {
    "id": 58817,
    "name": "Pompei"
  },
  {
    "id": 58832,
    "name": "Ponte"
  },
  {
    "id": 58863,
    "name": "Pontecagnano"
  },
  {
    "id": 58871,
    "name": "Pontelandolfo"
  },
  {
    "id": 58873,
    "name": "Pontelatone"
  },
  {
    "id": 58885,
    "name": "Ponticelli"
  },
  {
    "id": 58917,
    "name": "Portici"
  },
  {
    "id": 58918,
    "name": "Portico di Caserta"
  },
  {
    "id": 58922,
    "name": "Porto"
  },
  {
    "id": 58954,
    "name": "Posillipo"
  },
  {
    "id": 58956,
    "name": "Positano"
  },
  {
    "id": 58962,
    "name": "Postiglione"
  },
  {
    "id": 58981,
    "name": "Pozzillo"
  },
  {
    "id": 58989,
    "name": "Pozzuoli"
  },
  {
    "id": 58999,
    "name": "Praiano"
  },
  {
    "id": 59017,
    "name": "Prata di Principato Ultra"
  },
  {
    "id": 59014,
    "name": "Prata Sannita Centro"
  },
  {
    "id": 59019,
    "name": "Pratella"
  },
  {
    "id": 59030,
    "name": "Prato Perillo"
  },
  {
    "id": 59034,
    "name": "Pratola Serra"
  },
  {
    "id": 59035,
    "name": "Pratole"
  },
  {
    "id": 59062,
    "name": "Prepezzano"
  },
  {
    "id": 59065,
    "name": "Presenzano"
  },
  {
    "id": 59076,
    "name": "Prignano Cilento"
  },
  {
    "id": 59086,
    "name": "Procida"
  },
  {
    "id": 59111,
    "name": "Provincia di Avellino"
  },
  {
    "id": 59114,
    "name": "Provincia di Benevento"
  },
  {
    "id": 59122,
    "name": "Provincia di Caserta"
  },
  {
    "id": 59172,
    "name": "Provincia di Salerno"
  },
  {
    "id": 59196,
    "name": "Puglianello"
  },
  {
    "id": 59197,
    "name": "Pugliano"
  },
  {
    "id": 59211,
    "name": "Quadrelle"
  },
  {
    "id": 59213,
    "name": "Quadrivio"
  },
  {
    "id": 59215,
    "name": "Qualiano"
  },
  {
    "id": 59228,
    "name": "Quarto"
  },
  {
    "id": 59245,
    "name": "Quindici"
  },
  {
    "id": 59298,
    "name": "Ravello"
  },
  {
    "id": 59302,
    "name": "Raviscanina"
  },
  {
    "id": 59309,
    "name": "Recale"
  },
  {
    "id": 59325,
    "name": "Reino"
  },
  {
    "id": 59339,
    "name": "Rettifilo-Vannullo"
  },
  {
    "id": 59358,
    "name": "Riardo"
  },
  {
    "id": 59370,
    "name": "Ricigliano"
  },
  {
    "id": 59477,
    "name": "Rocca San Felice"
  },
  {
    "id": 59490,
    "name": "Roccabascerana"
  },
  {
    "id": 59495,
    "name": "Roccadaspide"
  },
  {
    "id": 59503,
    "name": "Roccagloriosa"
  },
  {
    "id": 59509,
    "name": "Roccamonfina"
  },
  {
    "id": 59514,
    "name": "Roccapiemonte"
  },
  {
    "id": 59515,
    "name": "Roccarainola"
  },
  {
    "id": 59517,
    "name": "Roccaromana"
  },
  {
    "id": 59535,
    "name": "Rocchetta"
  },
  {
    "id": 59556,
    "name": "Rofrano"
  },
  {
    "id": 59631,
    "name": "Roscigno"
  },
  {
    "id": 59661,
    "name": "Rotondi"
  },
  {
    "id": 59706,
    "name": "Rutino"
  },
  {
    "id": 59707,
    "name": "Ruviano"
  },
  {
    "id": 59717,
    "name": "Sacco"
  },
  {
    "id": 59738,
    "name": "Sala"
  },
  {
    "id": 59743,
    "name": "Sala Consilina"
  },
  {
    "id": 59759,
    "name": "Salento"
  },
  {
    "id": 59762,
    "name": "Salerno"
  },
  {
    "id": 59775,
    "name": "Salitto-Valle"
  },
  {
    "id": 59791,
    "name": "Salvitelle"
  },
  {
    "id": 59793,
    "name": "Salza Irpina"
  },
  {
    "id": 59822,
    "name": "San Bartolomeo in Galdo"
  },
  {
    "id": 59854,
    "name": "San Carlo All'Arena"
  },
  {
    "id": 59861,
    "name": "San Castrese"
  },
  {
    "id": 59871,
    "name": "San Cipriano d'Aversa"
  },
  {
    "id": 59869,
    "name": "San Cipriano Picentino"
  },
  {
    "id": 59875,
    "name": "San Clemente"
  },
  {
    "id": 59908,
    "name": "San Felice A Cancello"
  },
  {
    "id": 59914,
    "name": "San Ferdinando"
  },
  {
    "id": 59935,
    "name": "San Gennaro Vesuviano"
  },
  {
    "id": 59952,
    "name": "San Giorgio"
  },
  {
    "id": 59963,
    "name": "San Giorgio a Cremano"
  },
  {
    "id": 59966,
    "name": "San Giorgio del Sannio"
  },
  {
    "id": 59976,
    "name": "San Giorgio la Molara"
  },
  {
    "id": 59981,
    "name": "San Giovanni A Piro"
  },
  {
    "id": 59991,
    "name": "San Giovanni a Teduccio"
  },
  {
    "id": 60011,
    "name": "San Giuseppe"
  },
  {
    "id": 60013,
    "name": "San Giuseppe Vesuviano"
  },
  {
    "id": 60020,
    "name": "San Gregorio Magno"
  },
  {
    "id": 60021,
    "name": "San Gregorio Matese"
  },
  {
    "id": 60033,
    "name": "San Leucio del Sannio-Cavuoti"
  },
  {
    "id": 60035,
    "name": "San Lorenzello"
  },
  {
    "id": 60038,
    "name": "San Lorenzo"
  },
  {
    "id": 60042,
    "name": "San Lorenzo Maggiore"
  },
  {
    "id": 60052,
    "name": "San Lupo"
  },
  {
    "id": 60054,
    "name": "San Mango Piemonte"
  },
  {
    "id": 60056,
    "name": "San Mango sul Calore"
  },
  {
    "id": 60057,
    "name": "San Marcellino"
  },
  {
    "id": 60060,
    "name": "San Marco"
  },
  {
    "id": 60064,
    "name": "San Marco dei Cavoti"
  },
  {
    "id": 60062,
    "name": "San Marco Evangelista"
  },
  {
    "id": 60076,
    "name": "San Martino Sannita"
  },
  {
    "id": 60078,
    "name": "San Martino Valle Caudina"
  },
  {
    "id": 60100,
    "name": "San Marzano sul Sarno"
  },
  {
    "id": 60106,
    "name": "San Mauro Cilento"
  },
  {
    "id": 60113,
    "name": "San Mauro la Bruca"
  },
  {
    "id": 60116,
    "name": "San Michele"
  },
  {
    "id": 60125,
    "name": "San Michele di Serino"
  },
  {
    "id": 60130,
    "name": "San Nazzaro"
  },
  {
    "id": 60138,
    "name": "San Nicola Baronia"
  },
  {
    "id": 60142,
    "name": "San Nicola la Strada"
  },
  {
    "id": 60139,
    "name": "San Nicola Manfredi"
  },
  {
    "id": 60158,
    "name": "San Paolo Bel Sito"
  },
  {
    "id": 60172,
    "name": "San Pietro"
  },
  {
    "id": 60187,
    "name": "San Pietro a Patierno"
  },
  {
    "id": 60189,
    "name": "San Pietro al Tanagro"
  },
  {
    "id": 60179,
    "name": "San Pietro Infine"
  },
  {
    "id": 60211,
    "name": "San Potito Sannitico"
  },
  {
    "id": 60212,
    "name": "San Potito Ultra"
  },
  {
    "id": 60213,
    "name": "San Prisco"
  },
  {
    "id": 60229,
    "name": "San Rufo"
  },
  {
    "id": 60232,
    "name": "San Salvatore Telesino"
  },
  {
    "id": 60237,
    "name": "San Sebastiano al Vesuvio"
  },
  {
    "id": 60246,
    "name": "San Sossio Baronia"
  },
  {
    "id": 60251,
    "name": "San Tammaro"
  },
  {
    "id": 60258,
    "name": "San Valentino Torio"
  },
  {
    "id": 60271,
    "name": "San Vitaliano"
  },
  {
    "id": 60320,
    "name": "Sant'Agata de'Goti"
  },
  {
    "id": 60325,
    "name": "Sant'Agata sui Due Golfi"
  },
  {
    "id": 60327,
    "name": "Sant'Agnello"
  },
  {
    "id": 60340,
    "name": "Sant'Anastasia"
  },
  {
    "id": 60348,
    "name": "Sant'Andrea di Conza"
  },
  {
    "id": 60350,
    "name": "Sant'Andrea-Pizzone-Ciamprisco"
  },
  {
    "id": 60352,
    "name": "Sant'Angelo"
  },
  {
    "id": 60353,
    "name": "Sant'Angelo A Cupolo"
  },
  {
    "id": 60354,
    "name": "Sant'Angelo A Fasanella"
  },
  {
    "id": 60355,
    "name": "Sant'Angelo A Scala"
  },
  {
    "id": 60356,
    "name": "Sant'Angelo All'Esca"
  },
  {
    "id": 60362,
    "name": "Sant'Angelo d'Alife"
  },
  {
    "id": 60363,
    "name": "Sant'Angelo dei Lombardi"
  },
  {
    "id": 60367,
    "name": "Sant'Angelo in Formis"
  },
  {
    "id": 60376,
    "name": "Sant'Antimo"
  },
  {
    "id": 60380,
    "name": "Sant'Antonio"
  },
  {
    "id": 60383,
    "name": "Sant'Antonio Abate"
  },
  {
    "id": 60388,
    "name": "Sant'Arcangelo Trimonte"
  },
  {
    "id": 60389,
    "name": "Sant'Arpino"
  },
  {
    "id": 60390,
    "name": "Sant'Arsenio"
  },
  {
    "id": 60392,
    "name": "Sant'Egidio del Monte Albino"
  },
  {
    "id": 60394,
    "name": "Sant'Elena Irpina"
  },
  {
    "id": 60428,
    "name": "Santa Croce del Sannio"
  },
  {
    "id": 60445,
    "name": "Santa Lucia"
  },
  {
    "id": 60449,
    "name": "Santa Lucia di Serino"
  },
  {
    "id": 60455,
    "name": "Santa Maria"
  },
  {
    "id": 60457,
    "name": "Santa Maria A Vico"
  },
  {
    "id": 60459,
    "name": "Santa Maria Capua Vetere"
  },
  {
    "id": 60464,
    "name": "Santa Maria La Carità"
  },
  {
    "id": 60479,
    "name": "Santa Maria la Fossa"
  },
  {
    "id": 60482,
    "name": "Santa Marina"
  },
  {
    "id": 60488,
    "name": "Santa Paolina"
  },
  {
    "id": 60493,
    "name": "Santa Tecla-Castelpagano"
  },
  {
    "id": 60519,
    "name": "Santo Stefano del Sole"
  },
  {
    "id": 60528,
    "name": "Santomenna"
  },
  {
    "id": 60532,
    "name": "Sanza"
  },
  {
    "id": 60538,
    "name": "Sapri"
  },
  {
    "id": 60554,
    "name": "Sarno"
  },
  {
    "id": 60567,
    "name": "Sassano"
  },
  {
    "id": 60571,
    "name": "Sassinoro"
  },
  {
    "id": 60586,
    "name": "Saviano"
  },
  {
    "id": 60588,
    "name": "Savignano Irpino"
  },
  {
    "id": 60602,
    "name": "Scafati"
  },
  {
    "id": 60604,
    "name": "Scala"
  },
  {
    "id": 60610,
    "name": "Scalo Romagnano al Monte"
  },
  {
    "id": 60613,
    "name": "Scampia"
  },
  {
    "id": 60614,
    "name": "Scampitella"
  },
  {
    "id": 60631,
    "name": "Scario"
  },
  {
    "id": 60658,
    "name": "Scisciano"
  },
  {
    "id": 60678,
    "name": "Secondigliano"
  },
  {
    "id": 60722,
    "name": "Senerchia"
  },
  {
    "id": 60742,
    "name": "Serino"
  },
  {
    "id": 60764,
    "name": "Serramezzana"
  },
  {
    "id": 60768,
    "name": "Serrara Fontana"
  },
  {
    "id": 60778,
    "name": "Serre"
  },
  {
    "id": 60788,
    "name": "Sessa Aurunca"
  },
  {
    "id": 60789,
    "name": "Sessa Cilento"
  },
  {
    "id": 60836,
    "name": "Siano"
  },
  {
    "id": 60839,
    "name": "Sicignano degli Alburni"
  },
  {
    "id": 60872,
    "name": "Sirignano"
  },
  {
    "id": 60892,
    "name": "Soccavo"
  },
  {
    "id": 60921,
    "name": "Solofra"
  },
  {
    "id": 60923,
    "name": "Solopaca"
  },
  {
    "id": 60929,
    "name": "Somma Vesuviana"
  },
  {
    "id": 60950,
    "name": "Sorbo Serpico"
  },
  {
    "id": 60966,
    "name": "Sorrento"
  },
  {
    "id": 60990,
    "name": "Sparanise"
  },
  {
    "id": 60993,
    "name": "Spartimento"
  },
  {
    "id": 60999,
    "name": "Sperone"
  },
  {
    "id": 61048,
    "name": "Starza Vecchia"
  },
  {
    "id": 61062,
    "name": "Stella"
  },
  {
    "id": 61063,
    "name": "Stella Cilento"
  },
  {
    "id": 61078,
    "name": "Stio"
  },
  {
    "id": 61096,
    "name": "Striano"
  },
  {
    "id": 61105,
    "name": "Sturno"
  },
  {
    "id": 61110,
    "name": "Succivo"
  },
  {
    "id": 61120,
    "name": "Summonte"
  },
  {
    "id": 61174,
    "name": "Taurano"
  },
  {
    "id": 61175,
    "name": "Taurasi"
  },
  {
    "id": 61199,
    "name": "Teano"
  },
  {
    "id": 61201,
    "name": "Teggiano-Macchiaroli"
  },
  {
    "id": 61205,
    "name": "Telese"
  },
  {
    "id": 61216,
    "name": "Teora"
  },
  {
    "id": 61255,
    "name": "Terzigno"
  },
  {
    "id": 61269,
    "name": "Teverola"
  },
  {
    "id": 61292,
    "name": "Tocco Caudio"
  },
  {
    "id": 61315,
    "name": "Tora"
  },
  {
    "id": 61320,
    "name": "Torchiara"
  },
  {
    "id": 61322,
    "name": "Torchiati"
  },
  {
    "id": 61324,
    "name": "Torella dei Lombardi"
  },
  {
    "id": 61326,
    "name": "Torelli-Torrette"
  },
  {
    "id": 61341,
    "name": "Torraca"
  },
  {
    "id": 61347,
    "name": "Torre Annunziata"
  },
  {
    "id": 61353,
    "name": "Torre Caracciolo"
  },
  {
    "id": 61371,
    "name": "Torre del Greco"
  },
  {
    "id": 61377,
    "name": "Torre le Nocelle"
  },
  {
    "id": 61357,
    "name": "Torre Orsaia"
  },
  {
    "id": 61381,
    "name": "Torrecuso"
  },
  {
    "id": 61391,
    "name": "Torretta-Scalzapecora"
  },
  {
    "id": 61408,
    "name": "Torrioni"
  },
  {
    "id": 61415,
    "name": "Tortorella"
  },
  {
    "id": 61432,
    "name": "Tramonti"
  },
  {
    "id": 61464,
    "name": "Trecase"
  },
  {
    "id": 61482,
    "name": "Trentinara"
  },
  {
    "id": 61484,
    "name": "Trentola-Ducenta"
  },
  {
    "id": 61493,
    "name": "Trescine"
  },
  {
    "id": 61503,
    "name": "Trevico"
  },
  {
    "id": 61564,
    "name": "Tufino"
  },
  {
    "id": 61565,
    "name": "Tufo"
  },
  {
    "id": 61641,
    "name": "Vairano-Patenora"
  },
  {
    "id": 61683,
    "name": "Vallata"
  },
  {
    "id": 61684,
    "name": "Valle Agricola"
  },
  {
    "id": 61695,
    "name": "Valle dell'Angelo"
  },
  {
    "id": 61698,
    "name": "Valle di Maddaloni"
  },
  {
    "id": 61716,
    "name": "Vallesaccarda"
  },
  {
    "id": 61724,
    "name": "Vallo della Lucania"
  },
  {
    "id": 61745,
    "name": "Valva"
  },
  {
    "id": 61824,
    "name": "Venticano"
  },
  {
    "id": 61908,
    "name": "Vibonati"
  },
  {
    "id": 61912,
    "name": "Vicaria"
  },
  {
    "id": 61917,
    "name": "Vico Equense"
  },
  {
    "id": 61935,
    "name": "Vietri sul Mare"
  },
  {
    "id": 62040,
    "name": "Villa di Briano"
  },
  {
    "id": 62004,
    "name": "Villa Literno"
  },
  {
    "id": 62081,
    "name": "Villamaina"
  },
  {
    "id": 62086,
    "name": "Villammare"
  },
  {
    "id": 62108,
    "name": "Villanova del Battista"
  },
  {
    "id": 62129,
    "name": "Villaricca"
  },
  {
    "id": 62172,
    "name": "Visciano"
  },
  {
    "id": 62188,
    "name": "Vitulano"
  },
  {
    "id": 62189,
    "name": "Vitulazio"
  },
  {
    "id": 62206,
    "name": "Volla"
  },
  {
    "id": 62221,
    "name": "Volturara Irpina"
  },
  {
    "id": 62224,
    "name": "Vomero"
  },
  {
    "id": 62272,
    "name": "Zona Industriale"
  },
  {
    "id": 62286,
    "name": "Zungoli"
  },
  {
    "id": 62288,
    "name": "Zuni"
  }
]