[
  {
    "id": 135335,
    "name": "Airole"
  },
  {
    "id": 135344,
    "name": "Alassio"
  },
  {
    "id": 135362,
    "name": "Albenga"
  },
  {
    "id": 135381,
    "name": "Albisola Marina"
  },
  {
    "id": 135382,
    "name": "Albisola Superiore"
  },
  {
    "id": 135431,
    "name": "Altare"
  },
  {
    "id": 135467,
    "name": "Ameglia"
  },
  {
    "id": 135484,
    "name": "Andora"
  },
  {
    "id": 135539,
    "name": "Apricale"
  },
  {
    "id": 135544,
    "name": "Aquila di Arroscia"
  },
  {
    "id": 135571,
    "name": "Arcola"
  },
  {
    "id": 135588,
    "name": "Arenzano"
  },
  {
    "id": 135616,
    "name": "Armo"
  },
  {
    "id": 135620,
    "name": "Arnasco"
  },
  {
    "id": 135690,
    "name": "Aurigo"
  },
  {
    "id": 135697,
    "name": "Avegno"
  },
  {
    "id": 135732,
    "name": "Badalucco"
  },
  {
    "id": 135781,
    "name": "Bajardo"
  },
  {
    "id": 135788,
    "name": "Balestrino"
  },
  {
    "id": 135841,
    "name": "Bardineto"
  },
  {
    "id": 135849,
    "name": "Bargagli"
  },
  {
    "id": 135989,
    "name": "Bergeggi"
  },
  {
    "id": 136025,
    "name": "Beverino"
  },
  {
    "id": 136090,
    "name": "Bocco"
  },
  {
    "id": 136096,
    "name": "Bogliasco"
  },
  {
    "id": 136098,
    "name": "Boissano"
  },
  {
    "id": 136101,
    "name": "Bolano"
  },
  {
    "id": 136124,
    "name": "Bonassola"
  },
  {
    "id": 136148,
    "name": "Bordighera"
  },
  {
    "id": 136161,
    "name": "Borghetto d'Arroscia"
  },
  {
    "id": 136163,
    "name": "Borghetto di Vara"
  },
  {
    "id": 136160,
    "name": "Borghetto Santo Spirito"
  },
  {
    "id": 136168,
    "name": "Borgio"
  },
  {
    "id": 136200,
    "name": "Borgo di Ranzo"
  },
  {
    "id": 136171,
    "name": "Borgo Fornari-Pieve"
  },
  {
    "id": 136208,
    "name": "Borgomaro"
  },
  {
    "id": 136219,
    "name": "Bormida"
  },
  {
    "id": 136220,
    "name": "Bormida-Genepro"
  },
  {
    "id": 136235,
    "name": "Borzonasca"
  },
  {
    "id": 136364,
    "name": "Brugnato"
  },
  {
    "id": 136418,
    "name": "Busalla"
  },
  {
    "id": 136483,
    "name": "Cairo Montenotte"
  },
  {
    "id": 136527,
    "name": "Calice al Cornoviglio"
  },
  {
    "id": 136526,
    "name": "Calice Ligure"
  },
  {
    "id": 136530,
    "name": "Calizzano"
  },
  {
    "id": 136597,
    "name": "Camogli"
  },
  {
    "id": 136629,
    "name": "Campo Ligure"
  },
  {
    "id": 136643,
    "name": "Campochiesa"
  },
  {
    "id": 136670,
    "name": "Campomorone"
  },
  {
    "id": 136676,
    "name": "Camporosso"
  },
  {
    "id": 136836,
    "name": "Carasco"
  },
  {
    "id": 136843,
    "name": "Caravonica"
  },
  {
    "id": 136853,
    "name": "Carcare"
  },
  {
    "id": 136908,
    "name": "Carpasio"
  },
  {
    "id": 136928,
    "name": "Carro"
  },
  {
    "id": 136929,
    "name": "Carrodano"
  },
  {
    "id": 137020,
    "name": "Casano-Dogana-Isola"
  },
  {
    "id": 137023,
    "name": "Casanova Lerrone"
  },
  {
    "id": 137035,
    "name": "Casarza Ligure"
  },
  {
    "id": 137042,
    "name": "Casavecchia"
  },
  {
    "id": 137058,
    "name": "Casella"
  },
  {
    "id": 137160,
    "name": "Castel Vittorio"
  },
  {
    "id": 137181,
    "name": "Castelbianco"
  },
  {
    "id": 137223,
    "name": "Castellaro"
  },
  {
    "id": 137290,
    "name": "Castelnuovo Magra"
  },
  {
    "id": 137323,
    "name": "Castelvecchio di Rocca Barbena"
  },
  {
    "id": 137339,
    "name": "Castiglione"
  },
  {
    "id": 137474,
    "name": "Celle Ligure"
  },
  {
    "id": 137493,
    "name": "Cengio Alto"
  },
  {
    "id": 137506,
    "name": "Ceparana-Carpena"
  },
  {
    "id": 137513,
    "name": "Ceranesi"
  },
  {
    "id": 137546,
    "name": "Ceriale"
  },
  {
    "id": 137547,
    "name": "Ceriana"
  },
  {
    "id": 137597,
    "name": "Cervo"
  },
  {
    "id": 137614,
    "name": "Cesio"
  },
  {
    "id": 137659,
    "name": "Chiavari"
  },
  {
    "id": 137665,
    "name": "Chiesa"
  },
  {
    "id": 137666,
    "name": "Chiesa Nuova"
  },
  {
    "id": 137691,
    "name": "Chiusanico"
  },
  {
    "id": 137694,
    "name": "Chiusavecchia"
  },
  {
    "id": 137707,
    "name": "Cicagna"
  },
  {
    "id": 137745,
    "name": "Cipressa"
  },
  {
    "id": 137753,
    "name": "Cisano"
  },
  {
    "id": 137779,
    "name": "Civezza"
  },
  {
    "id": 137842,
    "name": "Cogoleto"
  },
  {
    "id": 137845,
    "name": "Cogorno"
  },
  {
    "id": 137921,
    "name": "Colombiera-Molicciara"
  },
  {
    "id": 137972,
    "name": "Conscenti"
  },
  {
    "id": 138006,
    "name": "Coreglia Ligure"
  },
  {
    "id": 138080,
    "name": "Cosio di Arroscia"
  },
  {
    "id": 138086,
    "name": "Cosseria"
  },
  {
    "id": 138106,
    "name": "Costarainera"
  },
  {
    "id": 138159,
    "name": "Crocefieschi"
  },
  {
    "id": 138231,
    "name": "Davagna"
  },
  {
    "id": 138239,
    "name": "Dego"
  },
  {
    "id": 138240,
    "name": "Deiva Marina"
  },
  {
    "id": 138260,
    "name": "Diano Arentino"
  },
  {
    "id": 138261,
    "name": "Diano Castello"
  },
  {
    "id": 138262,
    "name": "Diano Marina"
  },
  {
    "id": 138263,
    "name": "Diano San Pietro"
  },
  {
    "id": 138279,
    "name": "Dolceacqua"
  },
  {
    "id": 138280,
    "name": "Dolcedo"
  },
  {
    "id": 138375,
    "name": "Erli"
  },
  {
    "id": 138455,
    "name": "Fascia"
  },
  {
    "id": 138458,
    "name": "Favale di Malvaro"
  },
  {
    "id": 138464,
    "name": "Feglino"
  },
  {
    "id": 138487,
    "name": "Ferrada"
  },
  {
    "id": 138497,
    "name": "Ferriere"
  },
  {
    "id": 138536,
    "name": "Finale Ligure"
  },
  {
    "id": 138604,
    "name": "Fontanigorda"
  },
  {
    "id": 138691,
    "name": "Framura"
  },
  {
    "id": 138860,
    "name": "Garlenda"
  },
  {
    "id": 138899,
    "name": "Genoa"
  },
  {
    "id": 138999,
    "name": "Giustenice"
  },
  {
    "id": 139001,
    "name": "Giusvalla"
  },
  {
    "id": 139040,
    "name": "Gorreto"
  },
  {
    "id": 139200,
    "name": "Imperia"
  },
  {
    "id": 139243,
    "name": "Isola del Cantone"
  },
  {
    "id": 139253,
    "name": "Isolabona"
  },
  {
    "id": 139257,
    "name": "Isoverde"
  },
  {
    "id": 139305,
    "name": "La Spezia"
  },
  {
    "id": 139330,
    "name": "Laigueglia"
  },
  {
    "id": 139408,
    "name": "Lavagna"
  },
  {
    "id": 139427,
    "name": "Le Grazie"
  },
  {
    "id": 139440,
    "name": "Leivi"
  },
  {
    "id": 139464,
    "name": "Lerici"
  },
  {
    "id": 139483,
    "name": "Levanto"
  },
  {
    "id": 139557,
    "name": "Loano"
  },
  {
    "id": 139615,
    "name": "Lorsica"
  },
  {
    "id": 139633,
    "name": "Lucinasco"
  },
  {
    "id": 139732,
    "name": "Magliolo"
  },
  {
    "id": 139752,
    "name": "Maissana"
  },
  {
    "id": 139768,
    "name": "Mallare"
  },
  {
    "id": 139795,
    "name": "Manesseno"
  },
  {
    "id": 139876,
    "name": "Marina di Andora"
  },
  {
    "id": 139965,
    "name": "Masone"
  },
  {
    "id": 139988,
    "name": "Massimino"
  },
  {
    "id": 140038,
    "name": "Mele"
  },
  {
    "id": 140062,
    "name": "Mendatica"
  },
  {
    "id": 140110,
    "name": "Mezzanego"
  },
  {
    "id": 140140,
    "name": "Mignanego"
  },
  {
    "id": 140152,
    "name": "Millesimo"
  },
  {
    "id": 140164,
    "name": "Mioglia"
  },
  {
    "id": 140187,
    "name": "Moconesi"
  },
  {
    "id": 140219,
    "name": "Molini"
  },
  {
    "id": 140220,
    "name": "Molini di Triora"
  },
  {
    "id": 140221,
    "name": "Molino Vecchio-Scapitola-Baio"
  },
  {
    "id": 140226,
    "name": "Molino-Pera"
  },
  {
    "id": 140277,
    "name": "Moneglia"
  },
  {
    "id": 140332,
    "name": "Montalto Ligure"
  },
  {
    "id": 140393,
    "name": "Montebruno"
  },
  {
    "id": 140460,
    "name": "Montegrosso Pian Latte"
  },
  {
    "id": 140525,
    "name": "Monterosso al Mare"
  },
  {
    "id": 140578,
    "name": "Montoggio"
  },
  {
    "id": 140690,
    "name": "Murialdo"
  },
  {
    "id": 140723,
    "name": "Nasino-Borgo"
  },
  {
    "id": 140737,
    "name": "Neirone"
  },
  {
    "id": 140799,
    "name": "Noli"
  },
  {
    "id": 140903,
    "name": "Olivetta San Michele"
  },
  {
    "id": 140929,
    "name": "Onzo"
  },
  {
    "id": 140945,
    "name": "Orco Feglino"
  },
  {
    "id": 140948,
    "name": "Orero"
  },
  {
    "id": 140989,
    "name": "Ortovero"
  },
  {
    "id": 141004,
    "name": "Osiglia"
  },
  {
    "id": 141014,
    "name": "Ospedaletti"
  },
  {
    "id": 141038,
    "name": "Osteria dei Cacciatori-Stella"
  },
  {
    "id": 141084,
    "name": "Padivarma"
  },
  {
    "id": 58251,
    "name": "Pallare"
  },
  {
    "id": 58379,
    "name": "Pedemonte"
  },
  {
    "id": 58425,
    "name": "Perinaldo"
  },
  {
    "id": 58511,
    "name": "Piana Battolla"
  },
  {
    "id": 58512,
    "name": "Piana Crixia"
  },
  {
    "id": 58538,
    "name": "Piano"
  },
  {
    "id": 58543,
    "name": "Piano di Follo"
  },
  {
    "id": 58578,
    "name": "Piccarello"
  },
  {
    "id": 58601,
    "name": "Pietra Ligure"
  },
  {
    "id": 58606,
    "name": "Pietrabruna"
  },
  {
    "id": 58654,
    "name": "Pieve di Teco"
  },
  {
    "id": 58655,
    "name": "Pieve di Zignago"
  },
  {
    "id": 58636,
    "name": "Pieve Ligure"
  },
  {
    "id": 58660,
    "name": "Pigna"
  },
  {
    "id": 58664,
    "name": "Pignone"
  },
  {
    "id": 58717,
    "name": "Pitelli"
  },
  {
    "id": 58740,
    "name": "Plodio"
  },
  {
    "id": 58818,
    "name": "Pompeiana"
  },
  {
    "id": 58868,
    "name": "Pontedassio"
  },
  {
    "id": 58889,
    "name": "Pontinvrea"
  },
  {
    "id": 58908,
    "name": "Pornassio"
  },
  {
    "id": 58945,
    "name": "Portofino"
  },
  {
    "id": 58950,
    "name": "Portovenere"
  },
  {
    "id": 59021,
    "name": "Prati"
  },
  {
    "id": 59051,
    "name": "Prelà Castello"
  },
  {
    "id": 59091,
    "name": "Propata"
  },
  {
    "id": 59134,
    "name": "Provincia di Genova"
  },
  {
    "id": 59137,
    "name": "Provincia di Imperia"
  },
  {
    "id": 59139,
    "name": "Provincia di La Spezia"
  },
  {
    "id": 59174,
    "name": "Provincia di Savona"
  },
  {
    "id": 59242,
    "name": "Quiliano"
  },
  {
    "id": 59284,
    "name": "Rapallo"
  },
  {
    "id": 59311,
    "name": "Recco"
  },
  {
    "id": 59348,
    "name": "Rezzo"
  },
  {
    "id": 59349,
    "name": "Rezzoaglio"
  },
  {
    "id": 59356,
    "name": "Rialto"
  },
  {
    "id": 59368,
    "name": "Riccò del Golfo"
  },
  {
    "id": 59395,
    "name": "Riomaggiore"
  },
  {
    "id": 59416,
    "name": "Riva Ligure"
  },
  {
    "id": 59528,
    "name": "Roccavignale"
  },
  {
    "id": 59544,
    "name": "Rocchetta di Vara"
  },
  {
    "id": 59538,
    "name": "Rocchetta Nervina"
  },
  {
    "id": 59587,
    "name": "Romito Magra"
  },
  {
    "id": 59605,
    "name": "Ronco Scrivia"
  },
  {
    "id": 59614,
    "name": "Rondanina"
  },
  {
    "id": 59650,
    "name": "Rossi"
  },
  {
    "id": 59651,
    "name": "Rossiglione"
  },
  {
    "id": 59670,
    "name": "Rovegno"
  },
  {
    "id": 59821,
    "name": "San Bartolomeo al Mare"
  },
  {
    "id": 59843,
    "name": "San Biagio della Cima"
  },
  {
    "id": 59904,
    "name": "San Fedele-Lusignano"
  },
  {
    "id": 59980,
    "name": "San Giovanni"
  },
  {
    "id": 60039,
    "name": "San Lorenzo"
  },
  {
    "id": 60044,
    "name": "San Lorenzo al Mare"
  },
  {
    "id": 60190,
    "name": "San Pietro d'Olba"
  },
  {
    "id": 60220,
    "name": "San Remo"
  },
  {
    "id": 60230,
    "name": "San Salvatore"
  },
  {
    "id": 60255,
    "name": "San Terenzo"
  },
  {
    "id": 60451,
    "name": "Santa Margherita Ligure"
  },
  {
    "id": 60485,
    "name": "Santa Marta"
  },
  {
    "id": 60517,
    "name": "Santo Stefano al Mare"
  },
  {
    "id": 60518,
    "name": "Santo Stefano d'Aveto"
  },
  {
    "id": 60522,
    "name": "Santo Stefano di Magra"
  },
  {
    "id": 60563,
    "name": "Sarzana"
  },
  {
    "id": 60569,
    "name": "Sassello"
  },
  {
    "id": 60592,
    "name": "Savignone"
  },
  {
    "id": 60599,
    "name": "Savona"
  },
  {
    "id": 60651,
    "name": "Sciarborasca"
  },
  {
    "id": 60674,
    "name": "Seborga"
  },
  {
    "id": 60751,
    "name": "Serra Riccò"
  },
  {
    "id": 60792,
    "name": "Sesta Godano"
  },
  {
    "id": 60803,
    "name": "Sestri Levante"
  },
  {
    "id": 60912,
    "name": "Soldano"
  },
  {
    "id": 60957,
    "name": "Sori"
  },
  {
    "id": 61031,
    "name": "Spotorno"
  },
  {
    "id": 61057,
    "name": "Stazione-Fornola"
  },
  {
    "id": 61064,
    "name": "Stellanello"
  },
  {
    "id": 61140,
    "name": "Taggia"
  },
  {
    "id": 61259,
    "name": "Terzorio"
  },
  {
    "id": 61264,
    "name": "Testico"
  },
  {
    "id": 61277,
    "name": "Tiglieto"
  },
  {
    "id": 61297,
    "name": "Toirano"
  },
  {
    "id": 61405,
    "name": "Torriglia"
  },
  {
    "id": 61425,
    "name": "Tovo San Giacomo"
  },
  {
    "id": 61517,
    "name": "Tribogna"
  },
  {
    "id": 61533,
    "name": "Triora"
  },
  {
    "id": 61603,
    "name": "Urbe"
  },
  {
    "id": 61610,
    "name": "Uscio"
  },
  {
    "id": 61630,
    "name": "Vado Centro"
  },
  {
    "id": 61631,
    "name": "Vado Ligure"
  },
  {
    "id": 61699,
    "name": "Valle di Vado"
  },
  {
    "id": 61701,
    "name": "Vallebona"
  },
  {
    "id": 61703,
    "name": "Vallecrosia"
  },
  {
    "id": 61708,
    "name": "Valleggia"
  },
  {
    "id": 61749,
    "name": "Valzemola"
  },
  {
    "id": 61764,
    "name": "Varazze"
  },
  {
    "id": 61770,
    "name": "Varese Ligure"
  },
  {
    "id": 61779,
    "name": "Vasia"
  },
  {
    "id": 61813,
    "name": "Vendone"
  },
  {
    "id": 61825,
    "name": "Ventimiglia"
  },
  {
    "id": 61856,
    "name": "Vernazza"
  },
  {
    "id": 61884,
    "name": "Vessalico"
  },
  {
    "id": 61895,
    "name": "Vezzano Ligure"
  },
  {
    "id": 61897,
    "name": "Vezzi Portio"
  },
  {
    "id": 61997,
    "name": "Villa Faraldi"
  },
  {
    "id": 62055,
    "name": "Villafranca"
  },
  {
    "id": 62105,
    "name": "Villanova d'Albenga"
  },
  {
    "id": 62198,
    "name": "Vobbia"
  },
  {
    "id": 62263,
    "name": "Zoagli"
  },
  {
    "id": 62279,
    "name": "Zuccarello"
  }
]