[
  {
    "id": 135247,
    "name": "Accadia"
  },
  {
    "id": 135272,
    "name": "Acquarica del Capo"
  },
  {
    "id": 135281,
    "name": "Acquaviva delle Fonti"
  },
  {
    "id": 135286,
    "name": "Adelfia"
  },
  {
    "id": 135365,
    "name": "Alberobello"
  },
  {
    "id": 135366,
    "name": "Alberona"
  },
  {
    "id": 135397,
    "name": "Alessano"
  },
  {
    "id": 135398,
    "name": "Alezio"
  },
  {
    "id": 135418,
    "name": "Alliste"
  },
  {
    "id": 135430,
    "name": "Altamura"
  },
  {
    "id": 135486,
    "name": "Andrano"
  },
  {
    "id": 135525,
    "name": "Anzano di Puglia"
  },
  {
    "id": 135540,
    "name": "Apricena"
  },
  {
    "id": 135549,
    "name": "Aradeo"
  },
  {
    "id": 135621,
    "name": "Arnesano"
  },
  {
    "id": 135656,
    "name": "Ascoli Satriano"
  },
  {
    "id": 135703,
    "name": "Avetrana"
  },
  {
    "id": 135771,
    "name": "Bagnolo del Salento"
  },
  {
    "id": 135853,
    "name": "Bari"
  },
  {
    "id": 136043,
    "name": "Biccari"
  },
  {
    "id": 136053,
    "name": "Binetto"
  },
  {
    "id": 136067,
    "name": "Bitetto"
  },
  {
    "id": 136068,
    "name": "Bitonto"
  },
  {
    "id": 136069,
    "name": "Bitritto"
  },
  {
    "id": 136153,
    "name": "Borgagne"
  },
  {
    "id": 136257,
    "name": "Botrugno"
  },
  {
    "id": 136272,
    "name": "Bovino"
  },
  {
    "id": 136334,
    "name": "Brindisi"
  },
  {
    "id": 136471,
    "name": "Cagnano Varano"
  },
  {
    "id": 136528,
    "name": "Calimera"
  },
  {
    "id": 136616,
    "name": "Campi Salentina"
  },
  {
    "id": 136697,
    "name": "Candela"
  },
  {
    "id": 136727,
    "name": "Cannole"
  },
  {
    "id": 136769,
    "name": "Capirro"
  },
  {
    "id": 136804,
    "name": "Caprarica di Lecce"
  },
  {
    "id": 136826,
    "name": "Capurso"
  },
  {
    "id": 136834,
    "name": "Carapelle"
  },
  {
    "id": 136884,
    "name": "Carlantino"
  },
  {
    "id": 136891,
    "name": "Carmiano"
  },
  {
    "id": 136903,
    "name": "Carosino"
  },
  {
    "id": 136904,
    "name": "Carovigno"
  },
  {
    "id": 136915,
    "name": "Carpignano Salentino"
  },
  {
    "id": 136921,
    "name": "Carpino"
  },
  {
    "id": 136996,
    "name": "Casalini"
  },
  {
    "id": 137003,
    "name": "Casalnuovo Monterotaro"
  },
  {
    "id": 137011,
    "name": "Casalvecchio di Puglia"
  },
  {
    "id": 137016,
    "name": "Casamassella"
  },
  {
    "id": 137017,
    "name": "Casamassima"
  },
  {
    "id": 137030,
    "name": "Casarano"
  },
  {
    "id": 137101,
    "name": "Cassano delle Murge"
  },
  {
    "id": 137215,
    "name": "Castellana"
  },
  {
    "id": 137217,
    "name": "Castellaneta"
  },
  {
    "id": 137267,
    "name": "Castelluccio dei Sauri"
  },
  {
    "id": 137266,
    "name": "Castelluccio Valmaggiore"
  },
  {
    "id": 137298,
    "name": "Castelnuovo della Daunia"
  },
  {
    "id": 137338,
    "name": "Castiglione"
  },
  {
    "id": 137372,
    "name": "Castri di Lecce"
  },
  {
    "id": 137373,
    "name": "Castrignano De' Greci"
  },
  {
    "id": 137374,
    "name": "Castrignano del Capo"
  },
  {
    "id": 137376,
    "name": "Castro"
  },
  {
    "id": 137382,
    "name": "Castromediano"
  },
  {
    "id": 137418,
    "name": "Cavallino"
  },
  {
    "id": 137461,
    "name": "Ceglie Messapica"
  },
  {
    "id": 137464,
    "name": "Celenza Valfortore"
  },
  {
    "id": 137469,
    "name": "Cellamare"
  },
  {
    "id": 137476,
    "name": "Celle di San Vito"
  },
  {
    "id": 137480,
    "name": "Cellino San Marco"
  },
  {
    "id": 137544,
    "name": "Cerfignano"
  },
  {
    "id": 137550,
    "name": "Cerignola"
  },
  {
    "id": 137673,
    "name": "Chieuti"
  },
  {
    "id": 137763,
    "name": "Cisternino"
  },
  {
    "id": 137885,
    "name": "Collemeto"
  },
  {
    "id": 137887,
    "name": "Collepasso"
  },
  {
    "id": 137983,
    "name": "Conversano"
  },
  {
    "id": 137986,
    "name": "Copertino"
  },
  {
    "id": 137991,
    "name": "Corato"
  },
  {
    "id": 138014,
    "name": "Corigliano d'Otranto"
  },
  {
    "id": 138047,
    "name": "Corsano"
  },
  {
    "id": 138119,
    "name": "Cozzana"
  },
  {
    "id": 138157,
    "name": "Crispiano"
  },
  {
    "id": 138206,
    "name": "Cursi"
  },
  {
    "id": 138219,
    "name": "Cutrofiano"
  },
  {
    "id": 138244,
    "name": "Deliceto"
  },
  {
    "id": 138249,
    "name": "Depressa"
  },
  {
    "id": 138270,
    "name": "Diso"
  },
  {
    "id": 138371,
    "name": "Erchie"
  },
  {
    "id": 138404,
    "name": "Faeto"
  },
  {
    "id": 138407,
    "name": "Faggiano"
  },
  {
    "id": 138454,
    "name": "Fasano"
  },
  {
    "id": 138473,
    "name": "Felline"
  },
  {
    "id": 138572,
    "name": "Foggia"
  },
  {
    "id": 138687,
    "name": "Fragagnano"
  },
  {
    "id": 138694,
    "name": "Francavilla Fontana"
  },
  {
    "id": 138783,
    "name": "Gagliano del Capo"
  },
  {
    "id": 138795,
    "name": "Galatina"
  },
  {
    "id": 138796,
    "name": "Galatone"
  },
  {
    "id": 138813,
    "name": "Gallipoli"
  },
  {
    "id": 138823,
    "name": "Galugnano"
  },
  {
    "id": 138891,
    "name": "Gemini"
  },
  {
    "id": 138966,
    "name": "Ginosa"
  },
  {
    "id": 138971,
    "name": "Gioia del Colle"
  },
  {
    "id": 138975,
    "name": "Giorgilorio"
  },
  {
    "id": 138979,
    "name": "Giovinazzo"
  },
  {
    "id": 138987,
    "name": "Giuggianello"
  },
  {
    "id": 138996,
    "name": "Giurdignano"
  },
  {
    "id": 139083,
    "name": "Gravina in Puglia"
  },
  {
    "id": 139121,
    "name": "Grottaglie"
  },
  {
    "id": 139139,
    "name": "Grumo Appula"
  },
  {
    "id": 139144,
    "name": "Guagnano"
  },
  {
    "id": 139230,
    "name": "Ischitella"
  },
  {
    "id": 139255,
    "name": "Isole Tremiti"
  },
  {
    "id": 139300,
    "name": "La Rosa"
  },
  {
    "id": 139345,
    "name": "Lamie"
  },
  {
    "id": 139346,
    "name": "Lamie di Olimpie-Selva"
  },
  {
    "id": 139388,
    "name": "Laterza"
  },
  {
    "id": 139389,
    "name": "Latiano"
  },
  {
    "id": 139430,
    "name": "Lecce"
  },
  {
    "id": 139458,
    "name": "Leporano"
  },
  {
    "id": 139459,
    "name": "Leporano Marina"
  },
  {
    "id": 139460,
    "name": "Lequile"
  },
  {
    "id": 139469,
    "name": "Lesina"
  },
  {
    "id": 139481,
    "name": "Leuca"
  },
  {
    "id": 139486,
    "name": "Leverano"
  },
  {
    "id": 139554,
    "name": "Lizzanello"
  },
  {
    "id": 139555,
    "name": "Lizzano"
  },
  {
    "id": 139565,
    "name": "Locorotondo"
  },
  {
    "id": 139616,
    "name": "Loseto"
  },
  {
    "id": 139631,
    "name": "Lucera"
  },
  {
    "id": 139641,
    "name": "Lucugnano"
  },
  {
    "id": 139722,
    "name": "Magliano"
  },
  {
    "id": 139731,
    "name": "Maglie"
  },
  {
    "id": 139791,
    "name": "Manduria"
  },
  {
    "id": 139796,
    "name": "Manfredonia"
  },
  {
    "id": 139886,
    "name": "Marina di Ginosa"
  },
  {
    "id": 139901,
    "name": "Mariotto"
  },
  {
    "id": 139902,
    "name": "Marittima"
  },
  {
    "id": 139926,
    "name": "Martano"
  },
  {
    "id": 139932,
    "name": "Martignano"
  },
  {
    "id": 139933,
    "name": "Martina Franca"
  },
  {
    "id": 139942,
    "name": "Maruggio"
  },
  {
    "id": 139977,
    "name": "Massafra"
  },
  {
    "id": 139994,
    "name": "Materdomini"
  },
  {
    "id": 139997,
    "name": "Matino"
  },
  {
    "id": 140001,
    "name": "Mattinata"
  },
  {
    "id": 140041,
    "name": "Melendugno"
  },
  {
    "id": 140049,
    "name": "Melissano"
  },
  {
    "id": 140056,
    "name": "Melpignano"
  },
  {
    "id": 140085,
    "name": "Merine"
  },
  {
    "id": 140091,
    "name": "Mesagne"
  },
  {
    "id": 140131,
    "name": "Miggiano"
  },
  {
    "id": 140160,
    "name": "Minervino di Lecce"
  },
  {
    "id": 140192,
    "name": "Modugno"
  },
  {
    "id": 140209,
    "name": "Mola di Bari"
  },
  {
    "id": 140213,
    "name": "Molfetta"
  },
  {
    "id": 140296,
    "name": "Monopoli"
  },
  {
    "id": 140315,
    "name": "Montalbano"
  },
  {
    "id": 140379,
    "name": "Monte Sant'Angelo"
  },
  {
    "id": 140462,
    "name": "Monteiasi"
  },
  {
    "id": 140471,
    "name": "Monteleone di Puglia"
  },
  {
    "id": 140491,
    "name": "Montemesola"
  },
  {
    "id": 140508,
    "name": "Monteparano"
  },
  {
    "id": 140520,
    "name": "Monteroni di Lecce"
  },
  {
    "id": 140530,
    "name": "Montesano Salentino"
  },
  {
    "id": 140533,
    "name": "Montesardo"
  },
  {
    "id": 140555,
    "name": "Monti d'Arena-Bosco Caggione"
  },
  {
    "id": 140604,
    "name": "Morciano di Leuca"
  },
  {
    "id": 140659,
    "name": "Motta Montecorvino"
  },
  {
    "id": 140670,
    "name": "Mottola"
  },
  {
    "id": 140693,
    "name": "Muro Leccese"
  },
  {
    "id": 140718,
    "name": "Nardò"
  },
  {
    "id": 140754,
    "name": "Neviano"
  },
  {
    "id": 140788,
    "name": "Noci"
  },
  {
    "id": 140789,
    "name": "Nociglia"
  },
  {
    "id": 140795,
    "name": "Noha"
  },
  {
    "id": 140796,
    "name": "Noicattaro"
  },
  {
    "id": 140840,
    "name": "Novoli"
  },
  {
    "id": 140946,
    "name": "Ordona"
  },
  {
    "id": 140951,
    "name": "Oria"
  },
  {
    "id": 140972,
    "name": "Orsara di Puglia"
  },
  {
    "id": 140977,
    "name": "Orta Nova"
  },
  {
    "id": 140983,
    "name": "Ortelle"
  },
  {
    "id": 141044,
    "name": "Ostuni"
  },
  {
    "id": 141045,
    "name": "Otranto"
  },
  {
    "id": 58219,
    "name": "Palagianello"
  },
  {
    "id": 58220,
    "name": "Palagiano"
  },
  {
    "id": 58256,
    "name": "Palmariggi"
  },
  {
    "id": 58261,
    "name": "Palo del Colle"
  },
  {
    "id": 58262,
    "name": "Palombaio"
  },
  {
    "id": 58282,
    "name": "Panni"
  },
  {
    "id": 58289,
    "name": "Paolo VI"
  },
  {
    "id": 58295,
    "name": "Parabita"
  },
  {
    "id": 58300,
    "name": "Parco Scizzo-Parchitello"
  },
  {
    "id": 58351,
    "name": "Patù"
  },
  {
    "id": 58455,
    "name": "Peschici"
  },
  {
    "id": 58500,
    "name": "Pezze di Greco"
  },
  {
    "id": 58617,
    "name": "Pietramontecorvino"
  },
  {
    "id": 58709,
    "name": "Pisignano"
  },
  {
    "id": 58748,
    "name": "Poggiardo"
  },
  {
    "id": 58755,
    "name": "Poggio Imperiale"
  },
  {
    "id": 58771,
    "name": "Poggiorsini"
  },
  {
    "id": 58790,
    "name": "Polignano a Mare"
  },
  {
    "id": 58926,
    "name": "Porto Cesareo"
  },
  {
    "id": 59067,
    "name": "Presicce"
  },
  {
    "id": 59112,
    "name": "Provincia di Barletta - Andria - Trani"
  },
  {
    "id": 59118,
    "name": "Provincia di Brindisi"
  },
  {
    "id": 59131,
    "name": "Provincia di Foggia"
  },
  {
    "id": 59141,
    "name": "Provincia di Lecce"
  },
  {
    "id": 59178,
    "name": "Provincia di Taranto"
  },
  {
    "id": 59203,
    "name": "Pulsano"
  },
  {
    "id": 59209,
    "name": "Putignano"
  },
  {
    "id": 59233,
    "name": "Quasano"
  },
  {
    "id": 59255,
    "name": "Racale"
  },
  {
    "id": 59378,
    "name": "Rignano Garganico"
  },
  {
    "id": 59500,
    "name": "Roccaforzata"
  },
  {
    "id": 59541,
    "name": "Rocchetta Sant'Antonio"
  },
  {
    "id": 59553,
    "name": "Rodi Garganico"
  },
  {
    "id": 59636,
    "name": "Roseto Valfortore"
  },
  {
    "id": 59696,
    "name": "Ruffano"
  },
  {
    "id": 59705,
    "name": "Rutigliano"
  },
  {
    "id": 59709,
    "name": "Ruvo di Puglia"
  },
  {
    "id": 59767,
    "name": "Salice Salentino"
  },
  {
    "id": 59789,
    "name": "Salve"
  },
  {
    "id": 59810,
    "name": "Sammichele di Bari"
  },
  {
    "id": 59859,
    "name": "San Cassiano"
  },
  {
    "id": 59864,
    "name": "San Cesario di Lecce"
  },
  {
    "id": 59894,
    "name": "San Donaci"
  },
  {
    "id": 59898,
    "name": "San Donato di Lecce"
  },
  {
    "id": 59956,
    "name": "San Giorgio Ionico"
  },
  {
    "id": 59988,
    "name": "San Giovanni Rotondo"
  },
  {
    "id": 60065,
    "name": "San Marco in Lamis"
  },
  {
    "id": 60066,
    "name": "San Marco la Catola"
  },
  {
    "id": 60099,
    "name": "San Marzano di San Giuseppe"
  },
  {
    "id": 60119,
    "name": "San Michele Salentino"
  },
  {
    "id": 60152,
    "name": "San Pancrazio Salentino"
  },
  {
    "id": 60156,
    "name": "San Paolo"
  },
  {
    "id": 60161,
    "name": "San Paolo di Civitate"
  },
  {
    "id": 60201,
    "name": "San Pietro in Lama"
  },
  {
    "id": 60184,
    "name": "San Pietro Vernotico"
  },
  {
    "id": 60244,
    "name": "San Severo"
  },
  {
    "id": 60282,
    "name": "San Vito dei Normanni"
  },
  {
    "id": 60298,
    "name": "Sanarica"
  },
  {
    "id": 60311,
    "name": "Sannicandro di Bari"
  },
  {
    "id": 60310,
    "name": "Sannicandro Garganico"
  },
  {
    "id": 60312,
    "name": "Sannicola"
  },
  {
    "id": 60324,
    "name": "Sant'Agata di Puglia"
  },
  {
    "id": 60418,
    "name": "Santa Cesarea Terme"
  },
  {
    "id": 60506,
    "name": "Santeramo in Colle"
  },
  {
    "id": 60583,
    "name": "Sava"
  },
  {
    "id": 60667,
    "name": "Scorrano"
  },
  {
    "id": 60677,
    "name": "Seclì"
  },
  {
    "id": 60758,
    "name": "Serracapriola"
  },
  {
    "id": 60766,
    "name": "Serrano"
  },
  {
    "id": 60896,
    "name": "Sogliano Cavour"
  },
  {
    "id": 60916,
    "name": "Soleto"
  },
  {
    "id": 60994,
    "name": "Specchia"
  },
  {
    "id": 61028,
    "name": "Spongano"
  },
  {
    "id": 61036,
    "name": "Squinzano"
  },
  {
    "id": 61049,
    "name": "Statte"
  },
  {
    "id": 61067,
    "name": "Sternatia"
  },
  {
    "id": 61079,
    "name": "Stornara"
  },
  {
    "id": 61080,
    "name": "Stornarella"
  },
  {
    "id": 61103,
    "name": "Strudà"
  },
  {
    "id": 61123,
    "name": "Supersano"
  },
  {
    "id": 61125,
    "name": "Surano"
  },
  {
    "id": 61126,
    "name": "Surbo"
  },
  {
    "id": 61165,
    "name": "Taranto"
  },
  {
    "id": 61177,
    "name": "Taurisano"
  },
  {
    "id": 61193,
    "name": "Taviano"
  },
  {
    "id": 61225,
    "name": "Terlizzi"
  },
  {
    "id": 61276,
    "name": "Tiggiano"
  },
  {
    "id": 61321,
    "name": "Torchiarolo"
  },
  {
    "id": 61331,
    "name": "Toritto"
  },
  {
    "id": 61361,
    "name": "Torre San Giovanni"
  },
  {
    "id": 61363,
    "name": "Torre Santa Susanna"
  },
  {
    "id": 61384,
    "name": "Torremaggiore"
  },
  {
    "id": 61400,
    "name": "Torricella"
  },
  {
    "id": 61489,
    "name": "Trepuzzi"
  },
  {
    "id": 61519,
    "name": "Tricase"
  },
  {
    "id": 61525,
    "name": "Triggiano"
  },
  {
    "id": 61549,
    "name": "Troia"
  },
  {
    "id": 61566,
    "name": "Tuglie"
  },
  {
    "id": 61574,
    "name": "Turi"
  },
  {
    "id": 61582,
    "name": "Tuturano"
  },
  {
    "id": 61588,
    "name": "Ugento"
  },
  {
    "id": 61591,
    "name": "Uggiano la Chiesa"
  },
  {
    "id": 61590,
    "name": "Uggiano Montefusco"
  },
  {
    "id": 61665,
    "name": "Valenzano"
  },
  {
    "id": 61796,
    "name": "Veglie"
  },
  {
    "id": 61858,
    "name": "Vernole"
  },
  {
    "id": 61918,
    "name": "Vico del Gargano"
  },
  {
    "id": 61933,
    "name": "Vieste"
  },
  {
    "id": 61955,
    "name": "Vignacastrisi"
  },
  {
    "id": 61990,
    "name": "Villa Castelli"
  },
  {
    "id": 62181,
    "name": "Vitigliano"
  },
  {
    "id": 62220,
    "name": "Volturara Appula"
  },
  {
    "id": 62222,
    "name": "Volturino"
  },
  {
    "id": 62237,
    "name": "Zapponeta"
  },
  {
    "id": 62269,
    "name": "Zollino"
  }
]