{
  "id": 700,
  "name": "Struga Municipality",
  "state_code": "72",
  "latitude": "41.31737440",
  "longitude": "20.66456830",
  "type": null,
  "cities": [
    {
      "id": 67409,
      "name": "Delogožda",
      "latitude": "41.25728000",
      "longitude": "20.72180000"
    },
    {
      "id": 67466,
      "name": "Labunista",
      "latitude": "41.26861000",
      "longitude": "20.59611000"
    },
    {
      "id": 67475,
      "name": "Lukovo",
      "latitude": "41.35339000",
      "longitude": "20.60637000"
    },
    {
      "id": 67485,
      "name": "Mislesevo",
      "latitude": "41.18500000",
      "longitude": "20.70861000"
    },
    {
      "id": 67498,
      "name": "Oktisi",
      "latitude": "41.23250000",
      "longitude": "20.60722000"
    },
    {
      "id": 67513,
      "name": "Radolista",
      "latitude": "41.16417000",
      "longitude": "20.62333000"
    },
    {
      "id": 67537,
      "name": "Struga",
      "latitude": "41.17799000",
      "longitude": "20.67784000"
    },
    {
      "id": 67552,
      "name": "Velesta",
      "latitude": "41.24083000",
      "longitude": "20.64389000"
    }
  ],
  "country": {
    "id": 129,
    "name": "North Macedonia",
    "iso3": "MKD",
    "iso2": "MK",
    "numeric_code": "807",
    "phone_code": "389",
    "capital": "Skopje",
    "currency": "MKD",
    "currency_name": "Denar",
    "currency_symbol": "ден",
    "tld": ".mk",
    "native": "Северна Македонија",
    "region": "Europe",
    "subregion": "Southern Europe",
    "timezones": [
      {
        "zoneName": "Europe/Skopje",
        "gmtOffset": 3600,
        "gmtOffsetName": "UTC+01:00",
        "abbreviation": "CET",
        "tzName": "Central European Time"
      }
    ],
    "translations": {
      "kr": "ë¶ë§ˆì¼€ë„ë‹ˆì•„",
      "pt-BR": "Macedônia do Norte",
      "pt": "Macedónia do Norte",
      "nl": "Noord-Macedonië",
      "hr": "Sjeverna Makedonija",
      "fa": "ï»¢ï»—ïº©ï»®ï»¨ï¯¿ï»« ïº¶ï»£ïºï» ï¯¾",
      "de": "Nordmazedonien",
      "es": "Macedonia del Norte",
      "fr": "Macédoine du Nord",
      "ja": "åŒ—ãƒã‚±ãƒ‰ãƒ‹ã‚¢",
      "it": "Macedonia del Nord",
      "cn": "北馬其頓",
      "tr": "Kuzey Makedonya"
    },
    "latitude": "41.83333333",
    "longitude": "22.00000000",
    "emoji": "🇲🇰",
    "emojiU": "U+1F1F2 U+1F1F0"
  }
}